Index,Target Position x,Target Position y,Pred Position x,Pred Position y,Target Angle q1,Target Angle q2,Pred Angle q1,Pred Angle q2,Excursion s1,Excursion s2,Excursion s3,Time,R_00,R_01,R_10,R_11
0.0,2.0,9.0,2.033061716549199,9.041804613016275,13.371151196456493,116.38779996124302,13.490196078431367,115.8235294117647,-6.745098039215684,-70.19607843137254,503.76470588235287,28.493429,-2.0,0.0,0.0,-1.6500000000000001
1.0,1.9996953903127825,9.034904812874567,2.030702580255059,9.042748885207743,13.658976234733828,116.01630955481751,13.513805291397976,115.82191678498512,-6.745098039215684,-70.19607843137254,503.8290830141344,0.0,-2.003500203085166,0.0,0.0,-1.6499770268252072
2.0,1.9987816540381915,9.069798993405001,2.028604890001203,9.04390612531272,13.950260910843822,115.64610371572238,13.537407272650235,115.81707939860854,-6.745098039215684,-70.19607843137254,503.88053941238485,0.015627,-2.0069993340266343,0.0,0.0,-1.6499081143377197
3.0,1.9972590695091477,9.104671912485887,1.998673090121077,9.08481061786273,14.244877270363155,115.27726730938794,14.073474247063812,115.4855298552236,-7.0,-70.0,504.16254216208586,0.421892,-2.010496321009116,0.0,0.0,-1.6497932836460514
4.0,1.9951281005196484,9.139512947488251,2.0105204115633066,9.112088569468645,14.542699204814118,114.90988442753192,14.216400655581426,115.15082252801966,-7.058823529411768,-69.80392156862746,503.2524920788229,5.312506,-2.0139900928740344,0.0,0.0,-1.649632569923877
5.0,1.992389396183491,9.174311485495316,2.061660045630331,9.15658756017167,14.84360242819041,114.54403840940182,14.241032325512714,114.48957096653656,-7.058823529411768,-69.41176470588235,500.6813808426844,29.640626,-2.0174795794476337,0.0,0.0,-1.6494260223992556
6.0,1.9890437907365466,9.209056926535307,1.957942685217252,9.191970845188386,15.147464452556543,114.17981186198529,15.216667948188467,114.47205712474535,-7.529411764705884,-69.41176470588235,503.5382323435468,3.750025,-2.0209637118687804,0.0,0.0,-1.6491737043395518
7.0,1.985092303282644,9.243738686810294,2.0091253540959744,9.237201967589415,15.45416456287775,113.81728667917518,15.242853066664406,113.80475371515382,-7.529411764705884,-69.01960784313725,500.94757406060853,25.265639,-2.024441422916366,0.0,0.0,-1.6488756930320583
8.0,1.9805361374831407,9.278346201920131,1.9066015328997725,9.27443931192063,15.763583791227218,113.45654405987653,16.223293178689655,113.74871350346201,-8.0,-69.0,503.664733549917,28.671896,-2.027911647336207,0.0,0.0,-1.6485320797603191
9.0,1.9753766811902755,9.312868930080462,1.9552190118547195,9.318209541579023,16.07560489050443,113.09766452504583,16.25098657733873,113.10785086699215,-8.0,-68.62745098039215,501.1843631999848,18.093956,-2.031373322167341,0.0,0.0,-1.6481429697761714
10.0,1.969615506024416,9.34729635533386,1.9545872649553453,9.321131975127901,16.39011230778992,112.74072793365345,16.27860309654098,113.0780330967895,-8.0,-68.62745098039215,501.14794167678093,0.010013,-2.0348253870676225,0.0,0.0,-1.647708482267504
11.0,1.963254366895328,9.381617990753089,2.0067645963572764,9.366854007249492,16.706992157450344,112.38581349756235,16.306134277108104,112.39913825724884,-8.0,-68.23529411764706,498.5149558603197,0.243014,-2.038266784638513,0.0,0.0,-1.6472287503217502
12.0,1.9562952014676114,9.41582338163552,1.971003191604333,9.381276757555284,17.02613219410005,112.03299979531742,16.653837797481827,112.36332636627881,-8.156862745098042,-68.23529411764706,499.4148188575607,6.986408,-2.041696460748973,0.0,0.0,-1.6467039208851206
13.0,1.9487401295704705,9.44990210868773,1.9517354263411741,9.449309559289965,17.347421785515287,111.68236478484059,17.323313208211935,111.6789053984878,-8.47058823529412,-67.84313725490196,498.685561218587,30.281691,-2.045113364858353,0.0,0.0,-1.6461341547175947
14.0,1.940591452551993,9.483843791199336,1.9518829344159156,9.453038853363577,17.670751885590796,111.33398581502917,17.352139344041067,111.63721386566895,-8.47058823529412,-67.84313725490196,498.605273494799,0.026987,-2.048516450338181,0.0,0.0,-1.6455196263436753
15.0,1.9318516525781366,9.517638090205041,1.9685012641196904,9.510312251674382,17.996015007419274,110.9879396362546,17.702706998212026,110.94745495208483,-8.627450980392158,-67.45098039215686,496.89794080297537,14.231812,-2.051904674792757,0.0,0.0,-1.644860523998932
16.0,1.9225233918766378,9.551274711633999,1.895640652265877,9.536161319888318,18.323105196568584,110.6443024097616,18.376594356324922,110.90000491233064,-8.941176470588236,-67.45098039215686,498.7298027182973,0.010986,-2.055277000378445,0.0,0.0,-1.6441570495723439
17.0,1.9126095119260709,9.584743409445473,1.9116707166921358,9.59378704577098,18.651918004623926,110.3031497159668,18.72951825240023,110.20510218474595,-9.098039215686274,-67.05882352941177,497.0089634961845,3.192179,-2.058632394121577,0.0,0.0,-1.6434094185444572
18.0,1.902113032590307,9.618033988749895,1.9124996681439388,9.598292731540102,18.982350463056836,109.96455656165857,18.75988235884265,110.15202119472795,-9.098039215686274,-67.05882352941177,496.88773185543977,0.011988,-2.06196982823486,0.0,0.0,-1.6426178599213817
19.0,1.8910371511986337,9.651136308914314,1.891034532569284,9.666824963452207,19.314301057476165,109.62859738610021,19.438007345244223,109.4521744109764,-9.411764705882355,-66.66666666666667,496.12271967963824,3.369174,-2.065288280432198,0.0,0.0,-1.6417826161646458
20.0,1.8793852415718169,9.684040286651337,1.8921965193962622,9.671700032771989,19.64766970231181,109.29534606603882,19.46905161639365,109.39359620779514,-9.411764705882355,-66.66666666666667,495.9815396803615,0.011994,-2.068586734241825,0.0,0.0,-1.640903943116927
21.0,1.8671608529944035,9.716735899090601,1.8557127128965396,9.687389511842952,19.982357715976125,108.96487591962436,19.824896460921956,109.33214066157905,-9.568627450980394,-66.66666666666667,496.80325202908205,23.709335,-2.071864179317663,0.0,0.0,-1.6399821099236855
22.0,1.8543677091335748,9.749213186831824,1.833107907843028,9.756092314902794,20.31826779654316,108.6372597092439,20.507064398458702,108.62507467555771,-9.882352941176471,-66.27450980392157,496.02149189760695,0.011004,-2.0751196117487973,0.0,0.0,-1.6390173989507226
23.0,1.8410097069048807,9.781462256978548,1.8347637933631766,9.761525149290932,20.65530399798227,108.31256964327595,20.539008339626662,108.55831680898409,-9.882352941176471,-66.27450980392157,495.85029225481634,0.011001,-2.0783520343669837,0.0,0.0,-1.6380101056976888
24.0,1.8270909152852017,9.8134732861516,1.84426375768746,9.804585949047603,20.9933717069774,107.99087737677279,20.815604570520918,108.03939555469964,-10.0,-66.0,494.6043959303613,2.448125,-2.081560457052092,0.0,0.0,-1.6369605387075703
25.0,1.8126155740732999,9.845236523481399,1.7743111156550717,9.846297668550012,21.332377620360106,107.67225401107729,21.58323093401341,107.77490010640238,-10.352941176470587,-65.88235294117646,495.84929322764975,1.249066,-2.0847438970353864,0.0,0.0,-1.6358690194721792
26.0,1.797588092598334,9.876742293578154,1.8286249053682604,9.894510065145477,21.67222972318059,107.35677009238363,21.615920161135186,107.05917347048015,-10.352941176470587,-65.49019607843138,493.0844543653261,0.011024,-2.087901379200558,0.0,0.0,-1.6347358823336786
27.0,1.7820130483767358,9.907980999479093,1.831013082106705,9.900575809163252,22.012837267437362,107.04449560925121,21.64833063548849,106.98226126345968,-10.352941176470587,-65.49019607843138,492.8740369603042,0.011,-2.0910319363824112,0.0,0.0,-1.6335614743821685
28.0,1.765895185717854,9.938943125571782,1.7940274201138582,9.91720302152647,22.354110751483123,106.73549998908214,22.008944132929987,106.9026697817039,-10.509803921568626,-65.49019607843138,493.6375115256056,13.41375,-2.0941346096631146,0.0,0.0,-1.6323461553493708
29.0,1.7492394142787915,9.969619240492674,1.7289735747900439,9.996176473298581,22.69596190012143,106.42985209357403,23.028171201037633,106.18078015087886,-10.980392156862745,-65.09803921568627,493.80763420662834,1.726115,-2.0972084486659273,0.0,0.0,-1.6310902974984405
30.0,1.7320508075688774,10.0,1.731738475609538,10.002767913582893,23.03830364540564,106.12762021316077,23.06159620850846,106.09641231162719,-10.980392156862745,-65.09803921568627,493.5704378720341,0.013016,-2.100252511846306,0.0,0.0,-1.6297942855099359
31.0,1.7143346014042247,10.030076149820108,1.6943648981256008,10.019388532295949,23.381050108149037,105.82887206045494,23.42460808492581,106.00945635938132,-11.137254901960784,-65.09803921568627,494.3116496923027,0.011986,-2.1032658667803106,0.0,0.0,-1.6284585163639902
32.0,1.696096192312852,10.05983852846641,1.6975376804849454,10.026322358403883,23.724116580152597,105.5336747627065,23.45781630148473,105.91993892953172,-11.137254901960784,-65.09803921568627,494.0532046225811,0.012016,-2.1062475904502134,0.0,0.0,-1.6270833992187104
33.0,1.677341135890848,10.089278070030055,1.630016825518247,10.104723960854159,24.067419507154135,105.24209485329408,24.483225246276817,105.19037004784327,-11.6078431372549,-64.70588235294117,494.2111559302035,3.07717,-2.1091967695272262,0.0,0.0,-1.6256693552848507
34.0,1.6580751451100832,10.118385806941493,1.6333967439504846,10.111967353383825,24.410876472500703,104.95419826226525,24.51707059579506,105.096382321557,-11.6078431372549,-64.70588235294117,493.9367410736132,0.010976,-2.112112500651264,0.0,0.0,-1.6242168176967902
35.0,1.6383040885779836,10.147152872702092,1.6370272937180612,10.119357567990598,24.754406181543438,104.67005030594537,24.550517319586834,104.99993261869692,-11.6078431372549,-64.70588235294117,493.6512824335482,0.013002,-2.11499389070765,0.0,0.0,-1.6227262313798616
36.0,1.618033988749895,10.175570504584947,1.5675759479360276,10.197294673011232,25.097928446752622,104.389715675633,25.580185787725924,104.26528654035552,-12.07843137254902,-64.31372549019608,493.8017035245998,1.811114,-2.1178400571006852,0.0,0.0,-1.6211980529140644
37.0,1.5972710200945857,10.203630046304097,1.5714080516195783,10.204974283707646,25.441364173547903,104.11325842540413,25.61412703652512,104.16461610378462,-12.07843137254902,-64.31372549019608,493.50084552471384,0.012,-2.1206501280239953,0.0,0.0,-1.619632750394212
38.0,1.5760215072134438,10.231322950651316,1.5754895131052482,10.21279213844333,25.78463534683769,103.84074195904645,25.647621912160506,104.06158891725264,-12.07843137254902,-64.31372549019608,493.18922140549205,0.016987,-2.1234232427275743,0.0,0.0,-1.6180308032865502
39.0,1.5542919229139418,10.258640782099675,1.537761807528705,10.229818699175299,26.127665018259417,103.57222901614766,26.01417522179641,103.95623653891373,-12.235294117647058,-64.31372549019608,493.86747182104415,8.543478,-2.1261585517814376,0.0,0.0,-1.6163927022818902
40.0,1.532088886237956,10.28557521937308,1.5083795724319242,10.29826877457386,26.470377294110488,103.30778165736245,26.715045864606267,103.21536812183743,-12.549019607843135,-63.92156862745098,493.0066100811685,21.083195,-2.128855217335812,0.0,0.0,-1.6147189491453096
41.0,1.509419160445544,10.312118057981014,1.5129063298432772,10.306484378460024,26.81269732395876,103.04746124888428,26.748391069838757,103.10613302732534,-12.549019607843135,-63.92156862745098,492.66970531881765,0.031005,-2.1315124133777763,0.0,0.0,-1.6130100565624517
42.0,1.4862896509547885,10.338261212717716,1.5176806369790592,10.314825849586882,27.154551289919166,102.79132844615005,26.781230757449713,102.9946852239788,-12.549019607843135,-63.92156862745098,492.32243316826435,0.01202,-2.1341293259842744,0.0,0.0,-1.6112665479824906
43.0,1.462707403238341,10.363996720124996,1.5306798448993875,10.374304437792278,27.495866396582063,102.53944317680605,27.148724304201696,102.24988670908321,-12.705882352941174,-63.529411764705884,490.44571974893796,1.507102,-2.1367051535714303,0.0,0.0,-1.6094889574577913
44.0,1.4386796006773024,10.389316740917995,1.449268179979458,10.400290240804408,27.83657086157725,102.29186462296636,27.852054257666904,102.13482681404419,-13.019607843137251,-63.529411764705884,492.0954700291775,15.995965,-2.139239107140079,0.0,0.0,-1.6076778294803251
45.0,1.4142135623730951,10.414213562373096,1.4544821531578034,10.408989079984813,28.176593906756246,102.04865120279506,27.88449005065847,102.01767154823979,-13.019607843137251,-63.529411764705884,491.72415634493456,0.012,-2.1417304105174435,0.0,0.0,-1.6058337188148855
46.0,1.3893167409179945,10.438679600677302,1.3290885609708005,10.442359828923282,28.515865749974164,101.80986055144622,28.925385702142762,101.8984567973821,-13.490196078431374,-63.529411764705884,494.36998429595667,1.185079,-2.1441783005948847,0.0,0.0,-1.6039571903291625
47.0,1.363996720124997,10.46270740323834,1.3344877438823035,10.45140592586882,28.854317597451264,101.57554950139573,28.957812450243406,101.77721907802184,-13.490196078431374,-63.529411764705884,493.9823136628176,0.011013,-2.1465820275616476,0.0,0.0,-1.6020488188207143
48.0,1.3382612127177165,10.486289650954788,1.296215583298781,10.46831670286929,29.191881636692965,101.34577406220221,29.326722258306603,101.65399552636332,-13.647058823529413,-63.529411764705884,494.5961488803731,0.023015,-2.1489408551345353,0.0,0.0,-1.600109188840904
49.0,1.3121180579810146,10.509419160445544,1.302000776729681,10.477620644519028,29.528491029946235,101.12058939973349,29.35829071186811,101.52882388688904,-13.647058823529413,-63.529411764705884,494.1901676831605,0.011985,-2.151254060783439,0.0,0.0,-1.598138894515846
50.0,1.2855752193730787,10.532088886237956,1.2752493983903008,10.561924014145585,29.86407990816859,100.9000498148992,30.149293103337193,100.55672797995838,-14.0,-63.0,492.67479122984514,2.358135,-2.1535209359526566,0.0,0.0,-1.5961385393644187
51.0,1.258640782099675,10.554291922913942,1.230477836760536,10.561916104243792,30.198583365485902,100.68420872192817,30.43398757098251,100.64764961343448,-14.117647058823529,-63.13725490196078,493.8925611666855,0.012,-2.155740786277928,0.0,0.0,-1.5941087361134034
52.0,1.2313229506513166,10.576021507213444,1.2366954380031783,10.571511740498698,30.531937454112832,100.47311862623424,30.464653154811188,100.51767339140292,-14.117647058823529,-63.13725490196078,493.46465303004527,0.014014,-2.157912931799126,0.0,0.0,-1.5920501065097978
53.0,1.2036300463040968,10.597271020094585,1.2431546815362333,10.581200095979758,30.864079179710377,100.26683110191196,30.494635865908712,100.38591696548622,-14.117647058823529,-63.13725490196078,493.02757545967097,0.013015,-2.160036707168534,0.0,0.0,-1.5899632811303719
54.0,1.1755705045849463,10.618033988749895,1.2090068419448405,10.648144328283983,31.194946497152696,100.06539676890762,31.20223599852983,99.62973485104405,-14.43137254901961,-62.745098039215684,492.1256473997657,17.138958,-2.162111461854648,0.0,0.0,-1.5878488991885147
55.0,1.1471528727020923,10.638304088577984,1.2157572156540208,10.657952315140696,31.524478306675533,99.86886526991056,31.231460949241196,99.49537934672558,-14.43137254901961,-62.745098039215684,491.67590023462594,0.010987,-2.1641365603414413,0.0,0.0,-1.5857076083384392
56.0,1.1183858069414936,10.658075145110084,1.177253500231052,10.674957411412871,31.852614450377406,99.67728524701151,31.59974251859474,99.35937659462259,-14.588235294117649,-62.745098039215684,492.2367339342746,0.016001,-2.1661113823230265,0.0,0.0,-1.5835400644767976
57.0,1.0892780700300542,10.677341135890849,1.0446905882806305,10.655171507702253,32.17929570904392,99.49070431817574,32.30797736076831,99.84190430518673,-14.901960784313726,-63.13725490196078,496.29154930305185,3.173182,-2.168035322893663,0.0,0.0,-1.5813469315417774
58.0,1.0598385284664098,10.696096192312853,1.051842170236866,10.665512732385858,32.50446379926537,99.30916905357935,32.33588083288458,99.70186270230049,-14.901960784313726,-63.13725490196078,495.8150933078557,0.011013,-2.169907792733044,0.0,0.0,-1.5791288813097284
59.0,1.0300761498201083,10.714334601404225,1.0475356200422716,10.694986128629044,32.828061370816684,99.13272495185869,32.57592327430215,99.34385537093176,-15.0,-63.0,495.1031913066335,0.693051,-2.17172821828681,0.0,0.0,-1.5768865931893932
60.0,1.0000000000000002,10.732050807568877,0.9753060948055126,10.698567774125816,33.150032004268674,98.96141641632279,33.07123389308186,99.4172319200868,-15.215686274509803,-63.13725490196078,496.8826293595928,16.831929,-2.1734960419422356,0.0,0.0,-1.5746207540137973
61.0,0.9696192404926742,10.749239414278792,0.937039968138973,10.714940080471976,33.470320208798746,98.79528673118013,33.43853345498116,99.27272992572883,-15.372549019607842,-63.13725490196078,497.40652006785876,4.265237,-2.17521072219903,0.0,0.0,-1.5723320578298665
62.0,0.9389431255717817,10.765895185717854,0.899864977634846,10.780368070888693,33.78887142016941,98.63437803783113,34.1470075895718,98.51113447440524,-15.686274509803923,-62.745098039215684,496.48556066633637,0.399012,-2.176871733835202,0.0,0.0,-1.5700212056858336
63.0,0.9079809994790937,10.782013048376736,0.9077208388356528,10.791138125058934,34.10563199884182,98.47873131127817,34.17221283243834,98.36479406534914,-15.686274509803923,-62.745098039215684,495.97581475871164,0.022015,-2.178478568067944,0.0,0.0,-1.567688905416502
64.0,0.8767422935781549,10.797588092598334,0.9158112236308034,10.801965948863982,34.420549228192215,98.32838633670613,34.19656051308978,98.21715271695234,-15.686274509803923,-62.745098039215684,495.4582924070787,0.011001,-2.180030732709473,0.0,0.0,-1.565335871426428
65.0,0.8452365234813989,10.8126155740733,0.8003191911975334,10.794783642526937,34.73357131279816,98.18338168628541,34.904444037084716,98.46665794167893,-16.0,-63.0,498.5799638779699,0.150009,-2.1815277523177947,0.0,0.0,-1.5629628244710942
66.0,0.8134732861516004,10.827090915285202,0.8086644893513082,10.805933223632104,35.04464737676227,98.04375469625035,34.927506693477326,98.31594096047641,-16.0,-63.0,498.04628392233764,0.012015,-2.182969168342333,0.0,0.0,-1.5605704914361336
67.0,0.7814622569785474,10.841009706904881,0.8172410906578351,10.81713142093911,35.35372746204008,97.90954144430555,34.94967262823026,98.16405512222477,-16.0,-63.0,497.50523837358986,0.024001,-2.1843545392643913,0.0,0.0,-1.5581596051146789
68.0,0.7492131868318239,10.854367709133575,0.762440263907223,10.86626841060653,35.66076252673994,97.7807767274123,35.65663966057549,97.61448809304483,-16.313725490196077,-62.745098039215684,497.4278713539058,20.256133,-2.185683440732392,0.0,0.0,-1.555730903982902
69.0,0.7167358990906008,10.867160852994404,0.7713030407333337,10.877548017736617,35.965704443362014,97.65749404000763,35.67739112658091,97.46102788855283,-16.313725490196077,-62.745098039215684,496.876284933954,0.012001,-2.1869554656918586,0.0,0.0,-1.5532851319738108
70.0,0.6840402866513376,10.879385241571816,0.6870396945233406,10.849436949707076,36.26850599694415,97.53972555270668,36.04045075663696,97.91470947378423,-16.470588235294116,-63.13725490196078,499.78019016504777,0.013013,-2.188170224510101,0.0,0.0,-1.5508230382493777
71.0,0.6511363089143135,10.891037151198633,0.6475333638142713,10.913134515395729,36.569120883082945,97.4275020915397,36.74635700787849,97.15108247661564,-16.784313725490193,-62.745098039215684,498.843400930098,19.445102,-2.1893273450955646,0.0,0.0,-1.5483453769710618
72.0,0.6180339887498949,10.902113032590307,0.6567983701900522,10.924685701294383,36.86750370579793,97.32085311777364,36.764805115649075,96.99469220823872,-16.784313725490193,-62.745098039215684,498.2731841799021,0.019988,-2.1904264730118026,0.0,0.0,-1.5458529070688045
73.0,0.5847434094454735,10.912609511926071,0.5732755917327363,10.895879929414441,37.16360997520839,97.21980670836732,37.12603377745772,97.44265455426613,-16.94117647058824,-63.13725490196078,501.14871954943766,1.693111,-2.1914672715860455,0.0,0.0,-1.543346392008563
74.0,0.5512747116339983,10.922523391876638,0.5353885334934603,10.911080654440205,37.45739610499201,97.12438953710753,37.48658619597545,97.2835617760434,-17.098039215686278,-63.13725490196078,501.5940056920999,0.011988,-2.192449422012325,0.0,0.0,-1.5408265995584514
75.0,0.5176380902050415,10.931851652578137,0.5451085841384877,10.923005918856713,37.74881940959545,97.03462685647345,37.502371130345914,97.1236794314214,-17.098039215686278,-63.13725490196078,501.00183111672334,0.012988,-2.1933726234491298,0.0,0.0,-1.5382943015535688
76.0,0.48384379119933535,10.940591452551994,0.5073730345650702,10.938139595443165,38.03783810116817,96.95054248027368,37.861337292905226,96.96305649380074,-17.254901960784316,-63.13725490196078,501.4362378539186,0.011987,-2.1942365931115524,0.0,0.0,-1.535750273659577
77.0,0.44990210868772984,10.94874012957047,0.469659584571235,10.953122675637493,38.32441128619063,96.87215876710019,38.21953856717308,96.80174216343242,-17.411764705882355,-63.13725490196078,501.8655843552489,0.012016,-2.195041066357913,0.0,0.0,-1.53319529513511
78.0,0.4158233816355189,10.956295201467611,0.43197023367622833,10.967952299179277,38.60849896177016,96.79949660463971,38.57694262562065,96.63978585234723,-17.568627450980394,-63.13725490196078,502.2899712862509,0.013983,-2.195785796770818,0.0,0.0,-1.5306301485930773
79.0,0.38161799075308983,10.963254366895328,0.4423025948364572,10.980110175177607,38.89006201157756,96.73257539488392,38.58897290949895,96.47723716922037,-17.568627450980394,-63.13725490196078,501.6758674053783,0.012009,-2.196470556232641,0.0,0.0,-1.5280556197609438
80.0,0.34729635533386083,10.969615506024416,0.4047692213443286,10.994849767449985,39.16906220139927,96.67141304027466,38.944588275212546,96.31414590417597,-17.725490196078432,-63.13725490196078,502.09034844234156,2.771156,-2.197095134995398,0.0,0.0,-1.5254724972400544
81.0,0.31286893008046185,10.975376681190276,0.3190673260688195,11.011492217354961,39.44546217428088,96.61602593082094,39.64405087069402,96.15056201353592,-18.03921568627451,-63.13725490196078,503.53440066622574,34.839947,-2.1976593417449943,0.0,0.0,-1.5228815722640783
82.0,0.27834620192013093,10.98053613748314,0.23834781351976098,10.980556375703678,39.71922544523891,96.56642893221984,39.99794641953568,96.58272526665758,-18.196078431372552,-63.529411764705884,506.32474032523737,6.664347,-2.1981630036598268,0.0,0.0,-1.520283638456647
83.0,0.24373868681029498,10.985092303282643,0.24914943380823917,10.993158059681132,39.990316395518846,96.5226353750135,40.00600660545748,96.41728534796003,-18.196078431372552,-63.529411764705884,505.68716120821256,0.011002,-2.198605966463719,0.0,0.0,-1.5176794915882597
84.0,0.20905692653530691,10.989043790736547,0.26016333598240404,11.005749468972457,40.258700266379094,96.48465704480884,40.01295983668843,96.25150139289029,-18.196078431372552,-63.529411764705884,505.0448850816265,0.011986,-2.1989880944731786,0.0,0.0,-1.5150699293325323
85.0,0.17431148549531628,10.99238939618349,0.22310237024130508,11.019814539428992,40.5243431523814,96.45250417358699,40.36379367290324,96.08542418256538,-18.35294117647059,-63.529411764705884,505.43307774897124,0.017987,-2.1993092706389583,0.0,0.0,-1.5124557510218624
86.0,0.13951294748825047,10.995128100519649,0.14373425995994182,10.98841211242604,40.78721199417031,96.42618543212394,40.71359824261416,96.51119782612618,-18.50980392156863,-63.92156862745098,508.1855860323472,2.435136,-2.199569396581909,0.0,0.0,-1.5098377574025874
87.0,0.10467191248588793,10.997259069509148,0.15515366722453905,11.00128284168418,41.04727457072476,96.4057079235438,40.71728162031803,96.34365894647934,-18.50980392156863,-63.92156862745098,507.52648064687145,0.013013,-2.1997683926231137,0.0,0.0,-1.5072167503897074
88.0,0.06979899340500216,10.998781654038192,0.007656383946126333,11.006658646080371,41.304499491067375,96.39107717802001,41.798217758357595,96.29398610056015,-19.0,-64.0,510.57059767731334,35.308992,-2.1999061978082946,0.0,0.0,-1.5045935328212523
89.0,0.0349048128745672,10.999695390312782,0.019221142866545193,11.019733036646322,41.55885618541785,96.38229714863989,41.79967262860319,96.12601012559136,-19.0,-64.0,509.90305838817505,1.283069,-2.199982769926484,0.0,0.0,-1.501968908212365
90.0,1.2246467991473532e-16,11.0,0.030989408591266532,11.03277582820845,41.81031489577859,96.37937020844282,41.79996362493609,95.95799555258735,-19.0,-64.0,509.23187308515764,0.012005,-2.199998085522952,0.0,0.0,-1.4993436805091773
91.0,-0.034904812874566954,10.999695390312782,-0.03226628962577216,11.009282811498018,42.05884666594225,96.38229714863989,42.10104487350279,96.25955263928587,-19.137254901960784,-64.31372549019608,511.3413451776519,0.012998,-2.1999521399063955,0.0,0.0,-1.4967186538425548
92.0,-0.06979899340500191,10.998781654038192,-0.020217257873471617,11.022473669425873,42.30442333091262,96.39107717802001,42.09899349840705,96.09079203694606,-19.137254901960784,-64.31372549019608,510.66014864300536,0.02299,-2.1998449471503685,0.0,0.0,-1.4940946322817832
93.0,-0.10467191248588768,10.997259069509148,-0.09682460046136043,10.989443357666692,42.54701750573144,96.4057079235438,42.44081794995203,96.5070389145355,-19.294117647058822,-64.70588235294117,513.3506095079981,5.12229,-2.1996765400889773,0.0,0.0,-1.491472419588276
94.0,-0.13951294748825066,10.995128100519649,-0.0845286674081196,11.00281842542855,42.78660257370574,96.42618543212396,42.43638860356688,96.33753534507709,-19.294117647058822,-64.70588235294117,512.659307191009,0.010013,-2.1994469703068202,0.0,0.0,-1.4888528189693733
95.0,-0.17431148549531647,10.99238939618349,-0.12030344431097095,11.015562122130584,43.02315267403163,96.45250417358699,42.77574622859219,96.16825271267915,-19.450980392156865,-64.70588235294117,513.0002495364931,11.818673,-2.199156308123187,0.0,0.0,-1.4862366328323142
96.0,-0.2090569265353071,10.989043790736547,-0.24372325185253096,10.980524542967066,43.256642688812086,96.48465704480884,43.4587270531585,96.58105646328738,-19.764705882352942,-65.09803921568627,516.700407012625,9.521535,-2.198804642570519,0.0,0.0,-1.4836246625384508
97.0,-0.24373868681029473,10.985092303282645,-0.23115139494739978,10.994162468351563,43.48704822946768,96.52263537501346,43.45057290231523,96.41134884478127,-19.764705882352942,-65.09803921568627,515.9971140860707,0.012001,-2.1983920813671394,0.0,0.0,-1.4810177081577847
98.0,-0.2783462019201307,10.98053613748314,-0.21839320384449756,11.007737394962263,43.71434562254126,96.56642893221982,43.441217664535905,96.24201973535962,-19.764705882352942,-65.09803921568627,515.2917319350462,0.010999,-2.197918750884257,0.0,0.0,-1.4784165682238979
99.0,-0.3128689300804616,10.975376681190276,-0.2445767337255651,10.97495799839501,43.938511894898205,96.61602593082094,43.430664205414026,96.65187474302839,-19.764705882352942,-65.49019607843138,516.8994915883557,33.792904,-2.197384796107257,0.0,0.0,-1.4758220394893553
100.0,-0.3472963553338606,10.969615506024416,-0.3276060526263507,10.985234092776027,44.159524758326064,96.67141304027466,44.108104896578105,96.48244356307292,-20.07843137254902,-65.49019607843138,518.254088942026,3.625203,-2.1967903805912923,0.0,0.0,-1.473234916681652
101.0,-0.3816179907530896,10.963254366895328,-0.35277759708162737,10.952221407483629,44.37736259353853,96.73257539488391,44.09495966441276,96.89027713711498,-20.07843137254902,-65.88235294117646,519.8459875416982,0.013,-2.1961356864111825,0.0,0.0,-1.470655992259781
102.0,-0.4158233816355187,10.956295201467611,-0.38747433155109334,10.963881420616351,44.592004433590134,96.79949660463969,44.42498790896131,96.7209637007103,-20.235294117647058,-65.88235294117646,520.1588185297251,3.03117,-2.195420914105646,0.0,0.0,-1.4680860561714957
103.0,-0.44990210868773006,10.94874012957047,-0.4595061661426243,10.928169197797,44.80342994670921,96.87215876710019,44.75357125334326,97.12701033659486,-20.3921568627451,-66.27450980392157,522.7687551064092,3.409195,-2.1946462826158712,0.0,0.0,-1.4655258956113424
104.0,-0.48384379119933557,10.940591452551994,-0.44620439195966366,10.942206917927981,45.01161941855814,96.95054248027371,44.736559027199824,96.95803679127114,-20.3921568627451,-66.27450980392157,522.041824246684,0.012987,-2.193812029218453,0.0,0.0,-1.4629762947795348
105.0,-0.5176380902050417,10.931851652578137,-0.5173025098862283,10.90606122695458,45.21655373393109,97.03462685647345,45.062323394243975,97.36253564278317,-20.54901960784314,-66.66666666666667,524.6371127538646,0.018012,-2.1929184094527123,0.0,0.0,-1.4604380346417474
106.0,-0.5512747116339981,10.922523391876638,-0.5038214404528985,10.920195341291935,45.418214357900446,97.12438953710756,45.04274608824432,97.1941261793265,-20.54901960784314,-66.66666666666667,523.904742982039,0.014012,-2.191965697042424,0.0,0.0,-1.4579118926898975
107.0,-0.5847434094454733,10.912609511926071,-0.6573014094242131,10.883874748758256,45.61658331642428,97.21980670836732,46.01003786005138,97.51170906116754,-21.0,-67.0,528.0769498248243,10.072855,-2.1909541838119706,0.0,0.0,-1.455398642703993
108.0,-0.6180339887498947,10.902113032590307,-0.643756912484478,10.89821429924227,45.81164317642843,97.32085311777364,45.98756777153608,97.34423665251289,-21.0,-67.0,527.3396499246599,0.012002,-2.189884179596956,0.0,0.0,-1.4528990545151177
109.0,-0.6511363089143133,10.891037151198633,-0.6413273604732659,10.904815398664407,46.00337702537738,97.4275020915397,46.00679303968722,97.2630493469041,-21.019607843137255,-67.05882352941177,527.072576506678,0.010999,-2.1887560121492986,0.0,0.0,-1.4504138937696225
110.0,-0.6840402866513374,10.879385241571818,-0.6274886759563687,10.918975564372023,46.191768450349194,97.53972555270666,45.98186409771548,97.09741592540281,-21.019607843137255,-67.05882352941177,526.3352559947577,0.011985,-2.1875700270368372,0.0,0.0,-1.4479439216946033
111.0,-0.7167358990906005,10.867160852994404,-0.6841900428953887,10.837639192448066,46.376801516630366,97.65749404000763,45.95572748706238,98.0665693378817,-21.019607843137255,-67.84313725490196,530.1334598127139,35.43268,-2.186326587537483,0.0,0.0,-1.4454898948647303
112.0,-0.7492131868318241,10.854367709133575,-0.7295050408686681,10.891461194876447,46.55846074584777,97.7807767274123,46.61388958992942,97.33531026467688,-21.333333333333332,-67.45098039215686,529.1829098284958,2.669046,-2.1850260745279417,0.0,0.0,-1.4430525649705002
113.0,-0.7814622569785477,10.841009706904881,-0.831114148304664,10.804685941653275,46.736731093654406,97.9095414443055,46.92747253839776,98.30199453894515,-21.49019607843137,-68.23529411764706,533.9903957709739,3.885945,-2.183668886367049,0.0,0.0,-1.4406326785879893
114.0,-0.8134732861516005,10.827090915285202,-0.8171616918501581,10.819203477417524,46.91159792698738,98.04375469625036,46.89709727247118,98.13811372130561,-21.49019607843137,-68.23529411764706,533.243746702636,0.010998,-2.1822554387737503,0.0,0.0,-1.4382309769501684
115.0,-0.8452365234813987,10.8126155740733,-0.8030676909950385,10.833586542441328,47.083047000916416,98.18338168628541,46.86552228452817,97.97552394323739,-21.49019607843137,-68.23529411764706,532.498662626534,0.010988,-2.18078616469976,0.0,0.0,-1.4358481957198583
116.0,-0.876742293578155,10.797588092598334,-0.788836844550457,10.847830463723662,47.251064435101675,98.3283863367061,46.832757246271626,97.81427500745237,-21.49019607843137,-68.23529411764706,531.7553717686244,37.780527,-2.1792615141969462,0.0,0.0,-1.4334850647643882
117.0,-0.9079809994790934,10.782013048376736,-0.8549794418793839,10.808986090817248,47.41563668988001,98.47873131127817,47.14040936322631,98.21564858357074,-21.647058823529413,-68.62745098039215,534.283822423962,12.82815,-2.177681954279476,0.0,0.0,-1.431142307932031
118.0,-0.9389431255717818,10.765895185717854,-0.9764460896408753,10.764930318216571,47.57675054199947,98.63437803783114,47.8730553131768,98.58862435528954,-22.0,-69.0,537.9736633606885,0.015639,-2.1760479687807637,0.0,0.0,-1.4288206428302832
119.0,-0.969619240492674,10.749239414278792,-0.9622038386299483,10.779394236399733,47.73439306002112,98.79528673118016,47.83592128051591,98.42993386181773,-22.0,-69.0,537.2274992888186,0.015612,-2.1743600582052687,0.0,0.0,-1.426520780606054
120.0,-0.9999999999999996,10.732050807568877,-0.9703392726310778,10.74402277005226,47.88855157940855,98.96141641632279,47.71241153576881,98.8592495505203,-21.96078431372549,-69.41176470588235,538.5742328093877,1.370668,-2.172618739575187,0.0,0.0,-1.424243425727835
121.0,-1.0300761498201085,10.714334601404225,-1.0153471637097242,10.683553839250273,48.03921367732463,99.13272495185868,47.758140017985795,99.53924930389407,-22.0,-70.0,541.4314172695337,6.279297,-2.1708245462720814,0.0,0.0,-1.4219892757699153
122.0,-1.0598385284664096,10.696096192312853,-1.0509775505914387,10.668890605245721,48.18636714715528,99.30916905357935,47.972690498849275,99.66151560571322,-22.11764705882353,-70.19607843137254,542.5641339194008,0.015601,-2.1689780278735045,0.0,0.0,-1.4197590211987081
123.0,-1.0892780700300542,10.677341135890849,-1.0366495278999688,10.683335461724695,48.329999972780335,99.49070431817577,47.930705058484136,99.50668579759395,-22.11764705882353,-70.19607843137254,541.8188583658282,0.01564,-2.167079749984655,0.0,0.0,-1.4175533451612548
124.0,-1.1183858069414934,10.658075145110084,-1.144026177971968,10.635546321617149,48.47010030261108,99.67728524701153,48.56684424334328,99.90867693712735,-22.431372549019606,-70.58823529411765,545.3352404785393,6.500003,-2.165130294065129,0.0,0.0,-1.4153729232759706
125.0,-1.1471528727020923,10.638304088577984,-1.1296913127516488,10.649997779508547,48.60665642341391,99.86886526991056,48.521980672449644,99.75659459475506,-22.431372549019606,-70.58823529411765,544.5923203963691,0.015638,-2.1631302572508146,0.0,0.0,-1.4132184234256966
126.0,-1.175570504584946,10.618033988749895,-1.1456519422964684,10.614929711329218,48.739656733939704,100.06539676890762,48.47599624477656,100.15975745298627,-22.431372549019606,-70.98039215686273,546.0670185462748,0.015625,-2.1610802521709833,0.0,0.0,-1.4110905055531218
127.0,-1.2036300463040968,10.597271020094585,-1.2060661644638841,10.5727386754375,48.869089718377666,100.26683110191198,48.767568717416694,100.56319510018496,-22.588235294117645,-71.37254901960785,548.5554865529899,7.562508,-2.158980906760635,0.0,0.0,-1.4089898214586354
128.0,-1.2313229506513166,10.576021507213444,-1.1917219682809197,10.587065798514356,48.994943919652926,100.47311862623427,48.71904822365719,100.4152535911071,-22.588235294117645,-71.37254901960785,547.8181590354,0.0,-2.156832864068157,0.0,0.0,-1.4069170146006764
129.0,-1.2586407820996746,10.554291922913942,-1.206815051080333,10.551629854544467,49.11720791258591,100.68420872192817,48.66944260649456,100.82027754566676,-22.588235294117645,-71.76470588235294,549.2894380021507,0.015624,-2.154636782058353,0.0,0.0,-1.404872719898635
130.0,-1.2855752193730787,10.532088886237956,-1.3264041383364717,10.516336757272908,49.2358702769322,100.9000498148992,49.50504666845072,101.0057445747627,-23.0,-72.0,552.5381183044029,2.203164,-2.1523933334109007,0.0,0.0,-1.4028575635383709
131.0,-1.3121180579810143,10.509419160445544,-1.3120965587363225,10.530567202935515,49.35091957032027,101.12058939973349,49.45237372222904,100.86279572018941,-23.0,-72.0,551.8083040474448,0.01564,-2.150103205314306,0.0,0.0,-1.4008721627804084
132.0,-1.3382612127177165,10.486289650954788,-1.3257048359367931,10.521732814126267,49.462344301104835,101.34577406220218,49.52498252400709,100.94147103601522,-23.058823529411764,-72.15686274509804,552.3408317160821,0.015623,-2.1477670992554097,0.0,0.0,-1.398917125770863
133.0,-1.3639967201249967,10.46270740323834,-1.35499555141381,10.430903312454202,49.57013290115299,101.57554950139576,49.34387180850387,101.98049274892671,-23.0,-73.0,555.9535864212185,0.890624,-2.145385730804516,0.0,0.0,-1.3969930513551603
134.0,-1.3893167409179947,10.438679600677302,-1.3407886869866728,10.444897183195815,49.67427369857962,101.8098605514462,49.28807607611277,101.84233860930617,-23.0,-73.0,555.2335826655631,0.0,-2.1429598293962075,0.0,0.0,-1.395100528894605
135.0,-1.414213562373095,10.414213562373096,-1.3662590152898395,10.413072359931395,49.77475489044869,102.04865120279506,49.35718436103043,102.17094345962934,-23.058823529411764,-73.33333333333333,556.7553269216087,0.015623,-2.1404901381059114,0.0,0.0,-1.3932401380858548
136.0,-1.4386796006773026,10.389316740917995,-1.4654704362153534,10.359855008441881,49.87156451545642,102.29186462296633,49.969981898026866,102.58256485147854,-23.372549019607842,-73.72549019607843,560.2402050999947,35.81252,-2.1379774134222904,0.0,0.0,-1.3914124487833526
137.0,-1.462707403238341,10.363996720124996,-1.4513860831619674,10.373658767235233,49.9646904266119,102.53944317680605,49.91026530624517,102.4502697706109,-23.372549019607842,-73.72549019607843,559.5318750011791,0.015594,-2.1354224250155234,0.0,0.0,-1.3896180208247757
138.0,-1.4862896509547883,10.338261212717716,-1.5491900769208917,10.319099234729428,50.054120263930805,102.79132844615005,50.51870106364447,102.86472522723743,-23.686274509803923,-74.11764705882352,563.0150040998831,8.156271,-2.1328259555015463,0.0,0.0,-1.3878574038595528
139.0,-1.509419160445544,10.312118057981014,-1.5351805983618827,10.332749191108974,50.13984142715696,103.04746124888429,50.456236679302314,102.73677840279007,-23.686274509803923,-74.11764705882352,562.3158236490672,0.015619,-2.130188800202333,0.0,0.0,-1.386131137180501
140.0,-1.5320888862379558,10.28557521937308,-1.529548054089755,10.25337793390224,50.221841048527075,103.30778165736243,50.05910039770066,103.69725182968608,-23.529411764705884,-74.90196078431373,564.9663085118464,34.546896,-2.127511766902278,0.0,0.0,-1.384439749558636
141.0,-1.5542919229139418,10.258640782099675,-1.5156874079542817,10.266717056024081,50.30010596559293,103.57222901614766,49.99519236707689,103.57321489588627,-23.529411764705884,-74.90196078431373,564.2784366847757,0.015624,-2.1247956756007675,0.0,0.0,-1.382783759081204
142.0,-1.5760215072134438,10.231322950651316,-1.61084880502268,10.210736104297286,50.37462269411587,103.84074195904644,50.59612336559572,103.99350008417788,-23.84313725490196,-75.29411764705883,567.7623704334987,0.015626,-2.1220413582610047,0.0,0.0,-1.3811636729929875
143.0,-1.5972710200945859,10.203630046304097,-1.5970877214475623,10.223869787982627,50.44537740104799,104.11325842540413,50.529560486335065,103.87425788543486,-23.84313725490196,-75.29411764705883,567.0857130007446,0.0,-2.1192496585551712,0.0,0.0,-1.3795799875409316
144.0,-1.6180339887498947,10.175570504584947,-1.607663180177922,10.18565823861848,50.51235587761437,104.389715675633,50.46212668299809,104.2981981371266,-23.84313725490196,-75.68627450980392,568.5791725975007,0.0,-2.1164214316060055,0.0,0.0,-1.378033187822139
145.0,-1.6383040885779838,10.147152872702092,-1.6546218314145857,10.148007687110814,50.575543512511196,104.67005030594537,50.725381049396816,104.61580482028135,-24.0,-76.0,570.6393624293158,6.718757,-2.1135575437248675,0.0,0.0,-1.376523747635281
146.0,-1.6580751451100832,10.118385806941493,-1.645766503063094,10.15039150669442,50.634925265234074,104.95419826226525,50.655812931513196,104.61180905532572,-24.0,-76.07843137254902,570.4146750158425,0.015638,-2.110658872146383,0.0,0.0,-1.375052129335467
147.0,-1.6773411358908479,10.089278070030055,-1.6557018055843695,10.111496952475429,50.6904856395518,105.24209485329408,50.58543131423366,105.0414364000241,-24.0,-76.47058823529412,571.9220395427974,1.093743,-2.1077263047597357,0.0,0.0,-1.3736187836926228
148.0,-1.696096192312852,10.05983852846641,-1.6734057719714457,10.054314417744198,50.7422086571409,105.53367476270653,50.514257756080845,105.66125953101299,-24.0,-77.0,574.1878113922945,0.015629,-2.104760739836702,0.0,0.0,-1.3722241497534153
149.0,-1.7143346014042244,10.03007614982011,-1.6748921661865168,10.03292472968816,50.79007783139604,105.82887206045491,50.44231405815597,105.90632352048361,-24.0,-77.25490196078431,574.9522362564023,0.015627,-2.101763085756499,0.0,0.0,-1.3708686547067677
150.0,-1.7320508075688774,10.0,-1.7021268187725047,10.035122680356766,50.83407614143361,106.12762021316074,50.698835474830034,105.80466063111479,-24.15686274509804,-77.25490196078431,575.3151489489492,5.531225,-2.098734260727542,0.0,0.0,-1.3695527137530088
151.0,-1.7492394142787915,9.969619240492674,-1.7330648133238675,9.94342633402079,50.874186006304555,106.42985209357403,50.62493798367892,106.77924284916145,-24.15686274509804,-78.0392156862745,578.9917853476825,31.905755,-2.095675192506189,0.0,0.0,-1.368276729976692
152.0,-1.765895185717854,9.93894312557178,-1.7201223596992996,9.954991536755834,50.91038925943473,106.73549998908216,50.55033254734653,106.68281480407946,-24.15686274509804,-78.0392156862745,578.3822568583574,0.01,-2.0925868181125593,0.0,0.0,-1.3670410942231288
153.0,-1.7820130483767356,9.907980999479093,-1.7867706662875769,9.946254741704141,50.94266712331142,107.0444956092512,51.13056204435899,106.58956502382543,-24.470588235294116,-78.0392156862745,579.7499462283787,8.334468,-2.0894700835435165,0.0,0.0,-1.3658461849786676
154.0,-1.797588092598334,9.876742293578154,-1.7555321301309266,9.915609405471448,50.97100018443578,107.35677009238363,50.72635627291757,107.034695549393,-24.313725490196077,-78.43137254901961,580.3178510163248,18.603031,-2.0863259434829002,0.0,0.0,-1.3646923682547607
155.0,-1.8126155740732999,9.845236523481399,-1.7638504017641168,9.874544527015335,50.99536836856263,107.67225401107726,50.64926760100559,107.48218803633189,-24.313725490196077,-78.82352941176471,581.8765549483444,0.016011,-2.083155361009101,0.0,0.0,-1.3635799974758522
156.0,-1.8270909152852015,9.8134732861516,-1.7719625343269412,9.833159481941365,51.01575091624982,107.9908773767728,50.57155962847194,107.93211823567303,-24.313725490196077,-79.2156862745098,583.443151828108,0.016015,-2.0799593073000557,0.0,0.0,-1.36250941337112
157.0,-1.8410097069048807,9.781462256978548,-1.83718343948658,9.823056873659013,51.03212635874177,108.31256964327595,51.14478204387704,107.85064731833789,-24.627450980392155,-79.2156862745098,584.8369354049827,28.952635,-2.076738761335772,0.0,0.0,-1.361480943870107
158.0,-1.8543677091335746,9.749213186831824,-1.8446472392491113,9.781045931198268,51.044472494212954,108.63725970924388,51.0648893187384,108.30606490684781,-24.627450980392155,-79.6078431372549,586.4189275836064,0.018997,-2.0734947095984544,0.0,0.0,-1.3604949040022754
159.0,-1.8671608529944035,9.716735899090601,-1.8136846527950112,9.749081122913868,51.05276636439951,108.96487591962436,50.65970050826238,108.76412766404064,-24.470588235294116,-80.0,587.0356121809498,32.167801,-2.0702281457703378,0.0,0.0,-1.359551595800508
160.0,-1.8793852415718166,9.684040286651339,-1.8776875291310957,9.643430074264685,51.05698423164938,109.29534606603879,50.9034652639062,109.75771352587074,-24.627450980392155,-80.7843137254902,591.7412498952016,1.254082,-2.0669400704293124,0.0,0.0,-1.3586513082085943
161.0,-1.8910371511986337,9.651136308914314,-1.8658231428463194,9.65292962415576,51.05710155642363,109.62859738610021,50.821983379852995,109.68848207862789,-24.627450980392155,-80.7843137254902,591.2198784540706,0.020004,-2.0636314907424387,0.0,0.0,-1.3577943169927238
162.0,-1.902113032590307,9.618033988749895,-1.8539953180817363,9.66207438806757,51.05309297528459,109.96455656165858,50.74002148466174,109.62276950562566,-24.627450980392155,-80.7843137254902,590.7111424764878,0.012998,-2.0603034201574433,0.0,0.0,-1.3569808846570166
163.0,-1.912609511926071,9.584743409445473,-1.8980575115763472,9.607783087545723,51.044932279409274,110.3031497159668,50.9802645864442,110.09244348829996,-24.784313725490197,-81.17647058823529,593.3105677125325,3.738208,-2.0569568780922896,0.0,0.0,-1.3562112603631156
164.0,-1.9225233918766378,9.551274711633999,-1.9583981003653692,9.499908570650891,51.032592393669816,110.6443024097616,51.21902265883052,111.09666944684629,-24.941176470588236,-81.9607843137255,598.0437457638767,0.202997,-2.0535928896229216,0.0,0.0,-1.3554856798538661
165.0,-1.9318516525781364,9.517638090205041,-1.9470440417584007,9.508351172663884,51.01604535632612,110.9879396362546,51.13471139481013,111.04082837829466,-24.941176470588236,-81.9607843137255,597.567447697609,0.017997,-2.0502124851692742,0.0,0.0,-1.354804365381107
166.0,-1.940591452551993,9.483843791199336,-1.9357380519280705,9.516422513352289,50.99526229938005,111.33398581502917,51.050016522127656,110.98863249343395,-24.941176470588236,-81.9607843137255,597.1045795401187,0.012014,-2.0468167001796465,0.0,0.0,-1.3541675256375911
167.0,-1.9487401295704703,9.44990210868773,-1.9415058950998727,9.47120390323279,50.97021342964411,111.68236478484059,50.964963983584575,111.47091164531095,-24.941176470588236,-82.35294117647058,598.7785385319976,0.011015,-2.0434065748135324,0.0,0.0,-1.3535753556930616
168.0,-1.9562952014676114,9.41582338163552,-1.9829266018560956,9.414599848151923,50.94086801058254,112.03299979531741,51.199577188969755,111.95643756595277,-25.098039215686274,-82.74509803921569,601.4244818307203,2.388118,-2.0399831536230137,0.0,0.0,-1.3530280369345002
169.0,-1.963254366895328,9.38161799075309,-1.9879686781914678,9.368541307593675,50.907194344987296,112.38581349756235,51.11334864898014,112.4452769593099,-25.098039215686274,-83.13725490196079,603.12115378418,0.063003,-2.0365474852328025,0.0,0.0,-1.352525737010567
170.0,-1.969615506024416,9.34729635533386,-1.992801898511897,9.322058002953682,50.869159758556656,112.74072793365345,51.026839140869974,112.93749564046783,-25.098039215686274,-83.52941176470588,604.8304999844812,0.013989,-2.033100622019038,0.0,0.0,-1.3520686097802486
171.0,-1.9753766811902753,9.312868930080462,-1.9822246762115117,9.32852872878217,50.82673058444973,113.09766452504583,50.94007516327995,112.90309701631371,-25.098039215686274,-83.52941176470588,604.4326135550947,0.018987,-2.0296436197869356,0.0,0.0,-1.3516567952657275
172.0,-1.9805361374831407,9.278346201920131,-1.968270841933009,9.277443942999799,50.77987214889625,113.45654405987653,50.654438436184535,113.50839524719763,-25.0,-84.0,605.9968962973442,3.590188,-2.0261775374473814,0.0,0.0,-1.3512904196094955
173.0,-1.985092303282644,9.243738686810294,-1.9579779210291965,9.283134000556686,50.72854875794706,113.81728667917521,50.56758591731454,113.48144598299984,-25.0,-84.0,605.628541683943,0.011,-2.0227034366925816,0.0,0.0,-1.3509695950357123
174.0,-1.9890437907365466,9.209056926535307,-1.9814499882581744,9.23893042386179,50.67272368545818,114.1798118619853,50.67852252036654,113.88207853349165,-25.098039215686274,-84.31372549019608,607.5638816950662,0.019986,-2.0192223816708545,0.0,0.0,-1.3506944198158313
175.0,-1.992389396183491,9.174311485495316,-1.97540530285122,9.157042787833571,50.61235916240779,114.5440384094018,50.393385966516846,114.78952315027232,-25.0,-85.0,610.3382505006398,0.399037,-2.015735438660674,0.0,0.0,-1.3504649782384979
176.0,-1.9951281005196484,9.139512947488251,-1.9903131189374044,9.141408691039086,50.547416367654,114.90988442753189,50.503370685341004,114.90629447320387,-25.098039215686274,-85.09803921568627,611.1352899488385,0.017989,-2.0122436757440556,0.0,0.0,-1.3502813405837322
177.0,-1.9972590695091477,9.104671912485887,-1.9805959168527432,9.145636726611173,50.47785542024892,115.27726730938794,50.41564015634567,114.8945698796093,-25.098039215686274,-85.09803921568627,610.8251999874742,0.010015,-2.0087481624793977,0.0,0.0,-1.3501435631013998
178.0,-1.9987816540381915,9.069798993405001,-1.9513731838706847,9.106590158372402,50.403635373433815,115.64610371572238,50.01329335878341,115.41618352262286,-24.941176470588236,-85.49019607843137,611.7046141668417,4.934285,-2.005249969573863,0.0,0.0,-1.350051687993983
179.0,-1.9996953903127825,9.034904812874567,-1.9721957149602272,9.036080386556888,50.324714210448676,116.01630955481752,50.043754213885315,116.10049393271423,-25.0,-86.0,614.5332383725129,0.013017,-2.0017501685554127,0.0,0.0,-1.3500057434036539
180.0,-2.0,9.0,-1.992712311713082,8.994612467197605,50.24104884230052,116.38779996124299,50.15215263233474,116.47108374462897,-25.098039215686274,-86.27450980392157,616.34079287552,0.013984,-1.9982498314445873,0.0,0.0,-1.3500057434036539
181.0,-1.9996953903127825,8.965095187125433,-1.9962728227828763,8.943278827761755,50.15259510764358,116.7604892735982,50.06431448912658,117.0044796261452,-25.098039215686274,-86.66666666666667,618.2108619719605,0.010011,-1.9947500304261372,0.0,0.0,-1.350051687993983
182.0,-1.9987816540381915,8.930201006594999,-1.9873510219713344,8.945518446409366,50.059307774937004,117.13429101125702,49.97651670639944,117.01244213545466,-25.098039215686274,-86.66666666666667,617.979318661017,0.011,-1.9912518375206025,0.0,0.0,-1.3501435631013998
183.0,-1.9972590695091477,8.895328087514113,-1.9908342197085438,8.893268065794743,49.96114054705585,117.50911785013689,49.88878617740411,117.55390494493669,-25.098039215686274,-87.05882352941177,619.8819783119591,0.009984,-1.9877563242559448,0.0,0.0,-1.3502813405837322
184.0,-1.9951281005196484,8.860487052511749,-1.9940592221412814,8.84050013095802,49.85804606854445,117.88488159751441,49.80114977479094,118.09948633222942,-25.098039215686274,-87.45098039215686,621.8013946532906,0.014,-1.9842645613393266,0.0,0.0,-1.3504649782384979
185.0,-1.992389396183491,8.825688514504684,-1.9855791338101305,8.841485191225916,49.749975935712875,118.2614931659157,49.713634342378555,118.11955122310995,-25.098039215686274,-87.45098039215686,621.6191079195755,0.011985,-1.9807776183291457,0.0,0.0,-1.3506944198158313
186.0,-1.9890437907365466,8.790943073464693,-1.9887056667785217,8.787769285925433,49.63688070979108,118.63886254611005,49.62626668693129,118.6734075639214,-25.098039215686274,-87.84313725490196,623.5724303164795,0.012012,-1.9772965633074187,0.0,0.0,-1.3509695950357123
187.0,-1.9850923032826442,8.756261313189706,-1.9804976761389343,8.787899859802977,49.51870993336914,119.01689877924102,49.53907356994808,118.70158980099097,-25.098039215686274,-87.84313725490196,623.4235799138081,0.020001,-1.9738224625526188,0.0,0.0,-1.3512904196094955
188.0,-1.9805361374831405,8.721653798079869,-1.9574534641893484,8.772492634516489,49.39541215036605,119.3955099281321,49.25890950532662,118.94579798338401,-25.0,-88.0,623.5599204495159,6.112329,-1.9703563802130648,0.0,0.0,-1.3516567952657275
189.0,-1.9753766811902755,8.687131069919538,-1.9755765409817787,8.732484009219336,49.266934929784796,119.77460304780865,49.36531772187512,119.30017145119838,-25.098039215686274,-88.23529411764706,625.2966389704188,0.015001,-1.9668993779809618,0.0,0.0,-1.3520686097802483
190.0,-1.969615506024416,8.65270364466614,-1.9692576529218186,8.631600166894033,49.133224893527014,120.15408415528168,49.086312869179935,120.37479059394046,-25.0,-89.0,628.7581009833016,1.055058,-1.9634525147671975,0.0,0.0,-1.352525737010567
191.0,-1.963254366895328,8.618382009246911,-1.9616745075296107,8.62994439828959,48.99422774855608,120.53385819864536,49.00042115942466,120.4194952871705,-25.0,-89.0,628.679244626956,0.011016,-1.9600168463769865,0.0,0.0,-1.3530280369345
192.0,-1.9562952014676112,8.58417661836448,-1.954204555485108,8.6278550489634,48.849888323714644,120.91382902554389,48.914835629661695,120.46820665668247,-25.0,-89.0,628.617333515715,0.018018,-1.9565934251864678,0.0,0.0,-1.3535753556930614
193.0,-1.9487401295704705,8.55009789131227,-1.926264372226913,8.527413031794413,48.70015061151851,121.29389935107116,48.408307666135826,121.60955426314055,-24.784313725490197,-89.80392156862746,631.6631400509697,4.920273,-1.9531832998203538,0.0,0.0,-1.3541675256375911
194.0,-1.940591452551993,8.516156208800664,-1.9191868979607714,8.524339247207552,48.54495781526708,121.67397072517068,48.32414546560858,121.66674496951903,-24.784313725490197,-89.80392156862746,631.6394162749018,0.013986,-1.9497875148307258,0.0,0.0,-1.354804365381107
195.0,-1.9318516525781366,8.482361909794959,-1.9122263268389794,8.520830985885166,48.38425240182704,122.05394349961217,48.24036446111034,121.72792968099427,-24.784313725490197,-89.80392156862746,631.632812107308,0.014998,-1.9464071103770786,0.0,0.0,-1.3554856798538661
196.0,-1.9225233918766378,8.448725288366003,-1.9148496635802816,8.462004876104379,48.217976160464225,122.4337167946274,48.156990315516595,122.32493720922216,-24.784313725490197,-90.19607843137254,633.7707197834384,0.014003,-1.9430431219077107,0.0,0.0,-1.3562112603631153
197.0,-1.9126095119260709,8.415256590554527,-1.9081489092406638,8.457602848487257,48.046070268115855,122.81318846529615,48.07404856707828,122.39435430239755,-24.784313725490197,-90.19607843137254,633.799562910825,0.018989,-1.939696579842557,0.0,0.0,-1.3569808846570164
198.0,-1.9021130325903073,8.381966011250105,-1.910554873578298,8.397737320948536,47.86847536151317,123.19225506778149,47.991564621599174,123.00019106875263,-24.784313725490197,-90.58823529411765,635.9754581398081,0.465027,-1.9363685092575615,0.0,0.0,-1.3577943169927238
199.0,-1.8910371511986335,8.348863691085686,-1.9125908043874071,8.337291502201186,47.68513161658184,123.5708118255231,47.909563744653916,123.6106288252525,-24.784313725490197,-90.98039215686275,638.1712065349718,0.015985,-1.933059929570688,0.0,0.0,-1.3586513082085943
200.0,-1.8793852415718169,8.315959713348663,-1.9062683970756575,8.331523637999657,47.49597883556414,123.94875259550628,47.82807105384889,123.69253734341878,-24.784313725490197,-90.98039215686275,638.2543625352218,0.013997,-1.9297718542296625,0.0,0.0,-1.359551595800508
201.0,-1.8671608529944035,8.283264100909399,-1.908040379218133,8.270025330080136,47.30095654232354,124.32596983473628,47.7471115111285,124.31188730687458,-24.784313725490197,-91.37254901960785,640.4888837608838,0.014019,-1.9265052904015456,0.0,0.0,-1.3604949040022754
202.0,-1.8543677091335748,8.250786813168176,-1.8819607981888984,8.217923982928074,47.10000408630762,124.70235456705629,47.365021877691575,124.93589837866864,-24.627450980392155,-91.76470588235294,641.8386591477492,35.598993,-1.923261238664228,0.0,0.0,-1.361480943870107
203.0,-1.8410097069048807,8.218537743021454,-1.8760654301444113,8.210730838501606,46.8930607556596,125.07779635046185,47.285708039826076,125.03027557993806,-24.627450980392155,-91.76470588235294,641.9782264392304,0.021002,-1.9200406926999443,0.0,0.0,-1.36250941337112
204.0,-1.8270909152852017,8.1865267138484,-1.7962246725220767,8.17649657054834,46.68006589998175,125.45218324507465,46.30495284778016,125.66325466934325,-24.15686274509804,-92.15686274509804,641.5678772207134,5.383302,-1.9168446389908993,0.0,0.0,-1.3635799974758522
205.0,-1.8126155740733,8.154763476518601,-1.7908079150224898,8.168263960517843,46.460959063265115,125.82540178195333,46.22836152213856,125.76576727053677,-24.15686274509804,-92.15686274509804,641.7481536485627,0.011,-1.9136740565170998,0.0,0.0,-1.3646923682547607
206.0,-1.7975880925983339,8.123257706421844,-1.785510395563521,8.159607422904323,46.23568012750877,126.19733693293209,46.15240896224291,125.87209939999484,-24.15686274509804,-92.15686274509804,641.9456244867081,0.015998,-1.910529916456484,0.0,0.0,-1.3658461849786674
207.0,-1.7820130483767358,8.092019000520907,-1.8144094940839768,8.085487263036779,46.004169467559095,126.56787208169273,46.37632050079267,126.51831303398369,-24.313725490196077,-92.54901960784314,645.2022136383127,23.520327,-1.9074131818874407,0.0,0.0,-1.3670410942231288
208.0,-1.7658951857178538,8.061056874428218,-1.7644746609792152,8.030479720636947,45.76636811770218,126.93688899629034,45.703795379851464,127.24973588783234,-24.0,-93.0,646.1103296908838,0.601019,-1.904324807493811,0.0,0.0,-1.3682767299766918
209.0,-1.7492394142787917,8.030380759507326,-1.7595547316929432,8.02040406247968,45.522217950543514,127.30426780337048,45.630377742539,127.36840237902982,-24.0,-93.0,646.3647427437363,0.009995,-1.9012657392724581,0.0,0.0,-1.3695527137530088
210.0,-1.7320508075688772,8.0,-1.7547485590814889,8.009912398960092,45.271661868704285,127.66988696432963,45.557685941844035,127.49078488772939,-24.0,-93.0,646.6361973764497,0.011001,-1.8982369142435014,0.0,0.0,-1.3708686547067677
211.0,-1.7143346014042247,7.9699238501798915,-1.7556187100726293,7.951432565221026,45.014644009856134,128.03362325368983,45.48574224391916,128.07425397698543,-24.0,-93.33333333333333,648.7542426396992,0.013002,-1.8952392601632984,0.0,0.0,-1.3722241497534153
212.0,-1.6960961923128521,7.940161471533591,-1.65542474949625,7.919334048512366,44.751109965601515,128.39535173997533,44.22725970051755,128.7430938441321,-23.372549019607842,-93.72549019607843,647.654154478081,36.287845,-1.8922736952402643,0.0,0.0,-1.3736187836926228
213.0,-1.677341135890848,7.910721929969946,-1.6512607201417868,7.907348509511458,44.48100701468785,128.7549457693967,44.15871812551983,128.87743486712804,-23.372549019607842,-93.72549019607843,647.9858938450717,7.656252,-1.8893411278536172,0.0,0.0,-1.3750521293354667
214.0,-1.6580751451100835,7.881614193058507,-1.647207783178544,7.89496032880343,44.20428437101725,129.1122769526663,44.09096878195996,129.01536301365965,-23.372549019607842,-93.72549019607843,648.3343584005185,0.015628,-1.8864424562751325,0.0,0.0,-1.376523747635281
215.0,-1.6383040885779836,7.852847127297908,-1.6432653030433189,7.882173323911817,43.920893446879866,129.46721515528796,44.02403242207141,129.15683603509459,-23.372549019607842,-93.72549019607843,648.6994414065925,0.01561,-1.8835785683939947,0.0,0.0,-1.378033187822139
216.0,-1.618033988749895,7.824429495415054,-1.584774278909614,7.849334569713506,43.630788131797324,129.81962849168144,43.25725785323106,129.68051882884754,-23.0,-94.0,648.4938488750834,1.828139,-1.8807503414448288,0.0,0.0,-1.3795799875409314
217.0,-1.5972710200945857,7.796369953695903,-1.5925836215862672,7.815681812943959,43.33392508731196,130.16938332352137,43.30351691539331,129.99187510522233,-23.058823529411764,-94.11764705882354,649.8780511670693,0.0,-1.8779586417389957,0.0,0.0,-1.3811636729929873
218.0,-1.576021507213444,7.768677049348684,-1.59538045723047,7.745147276701077,43.03026405799687,130.51634426268808,43.24000559791172,130.68662193669417,-23.058823529411764,-94.50980392156863,652.4665045405118,0.0,-1.8752043243992327,0.0,0.0,-1.3827837590812038
219.0,-1.5542919229139416,7.7413592179003246,-1.5919221836628115,7.730590460872485,42.71976819889078,130.86037417924527,43.17737572790042,130.84312927201225,-23.058823529411764,-94.50980392156863,652.9046442717503,0.015625,-1.8724882330977222,0.0,0.0,-1.3844397495586358
220.0,-1.532088886237956,7.7144247806269215,-1.491676982062856,7.747190922595742,42.40240441947889,131.20133421487685,41.94243161899081,131.0029819845101,-22.431372549019606,-94.50980392156863,649.8392227950128,29.875018,-1.8698111997976674,0.0,0.0,-1.386131137180501
221.0,-1.5094191604455443,7.687881942018986,-1.5130353676742851,7.724099341598752,42.07814374424554,131.5390838022306,42.176166652200365,131.1661311098636,-22.588235294117645,-94.50980392156863,651.1930243960555,6.218756,-1.867174044498454,0.0,0.0,-1.3878574038595526
222.0,-1.4862896509547885,7.6617387872822835,-1.5164515056351844,7.651612938113688,41.746961689717104,131.87348069063023,42.11751698788465,131.8774749174885,-22.588235294117645,-94.90196078431373,653.862450633608,0.01564,-1.8645775749844768,0.0,0.0,-1.3896180208247757
223.0,-1.4627074032383411,7.636003279875004,-1.426458566731137,7.649307487206445,41.40883865779033,132.2043809786321,40.96449690470961,132.1841826344185,-22.0,-95.0,651.6302212518028,2.953123,-1.8620225865777096,0.0,0.0,-1.3914124487833526
224.0,-1.4386796006773022,7.6106832590820055,-1.4241312912241177,7.632627709151552,41.06376034500532,132.5316391539111,40.909216961669955,132.3578131181562,-22.0,-95.0,652.1589033576347,0.015647,-1.8595098618940888,0.0,0.0,-1.3932401380858548
225.0,-1.4142135623730954,7.585786437626905,-1.4218965453743238,7.615594615471371,40.71171816727084,132.8551081409706,40.85488375328344,132.53455024498749,-22.0,-95.0,652.7028522398002,0.015619,-1.8570401706037927,0.0,0.0,-1.395100528894605
226.0,-1.3893167409179945,7.561320399322698,-1.3955163826242458,7.564393314539873,40.35270969938154,133.17463935717515,40.437864065595654,133.12522018796233,-21.80392156862745,-95.29411764705883,653.8144729486363,15.435159,-1.854614269195484,0.0,0.0,-1.39699305135516
227.0,-1.3639967201249972,7.5372925967616595,-1.3704452963675777,7.553583015503293,39.98673912848478,133.49008277760785,40.09539455729466,133.308573161694,-21.647058823529413,-95.29411764705883,653.52047631866,0.015623,-1.8522329007445903,0.0,0.0,-1.3989171257708628
228.0,-1.3382612127177163,7.513710349045211,-1.3748510792698356,7.478214773841514,39.61381772045428,133.8012870092519,40.044824732019734,134.0442383209489,-21.647058823529413,-95.68627450980392,656.3114274798547,0.015642,-1.8498967946856941,0.0,0.0,-1.4008721627804084
229.0,-1.3121180579810146,7.490580839554456,-1.282501352354906,7.486478421401764,39.233964297915676,134.10809937498968,38.83596758006891,134.23421392288725,-21.019607843137255,-95.68627450980392,653.4447584317558,2.515622,-1.8476066665890993,0.0,0.0,-1.4028575635383709
230.0,-1.285575219373079,7.467911113762044,-1.2812274356680096,7.467485521914246,38.84720572843677,134.4103660079023,38.78881116928325,134.42703672755565,-21.019607843137255,-95.68627450980392,654.0745804180723,0.015615,-1.8453632179416473,0.0,0.0,-1.4048727198986348
231.0,-1.2586407820996757,7.445708077086059,-1.2800292193868916,7.448173236205281,38.45357742115407,134.70793195633487,38.7426503866458,134.6226476715941,-21.019607843137255,-95.68627450980392,654.7185418463139,0.0,-1.8431671359318431,0.0,0.0,-1.4069170146006762
232.0,-1.2313229506513161,7.4239784927865555,-1.21892005997237,7.3899565196860175,38.053123829848005,135.00064130017256,37.83113744538931,135.3735318656336,-20.54901960784314,-96.07843137254902,654.9875397987023,8.109377,-1.841019093239365,0.0,0.0,-1.4089898214586354
233.0,-1.2036300463040965,7.402728979905414,-1.2180940688026114,7.369883372875615,37.645898960212385,135.28833727874095,37.78799795538843,135.5753622982411,-20.54901960784314,-96.07843137254902,655.6654430591296,0.0,-1.8389197478290167,0.0,0.0,-1.4110905055531215
234.0,-1.1755705045849465,7.381966011250105,-1.195444248382186,7.355575878536029,37.23196687878453,135.5708624307109,37.45773593057163,135.7798093095277,-20.3921568627451,-96.07843137254902,655.4924450298257,0.874998,-1.8368697427491854,0.0,0.0,-1.4132184234256966
235.0,-1.1471528727020928,7.361695911422017,-1.1294108121437052,7.352410908565297,36.811402220718314,135.84805874634358,36.55348276921234,135.98681027553442,-19.92156862745098,-96.07843137254902,653.6076894097747,0.234386,-1.834869705934871,0.0,0.0,-1.4153729232759704
236.0,-1.1183858069414931,7.341924854889916,-1.1292835503917846,7.331419969284089,36.384290693293295,136.1197678323601,36.514646549325306,136.1963017900029,-19.92156862745098,-96.07843137254902,654.3291468079875,0.01563,-1.8329202500153452,0.0,0.0,-1.4175533451612548
237.0,-1.089278070030054,7.322658864109152,-1.1292138840796673,7.3101484112450485,35.950729571764064,136.3858310896613,36.476829876088615,136.40821968379745,-19.92156862745098,-96.07843137254902,655.0633683634557,42.236812,-1.8310219721264955,0.0,0.0,-1.4197590211987081
238.0,-1.05983852846641,7.303903807687148,-1.0214719613270544,7.315529705542236,35.51082818386827,136.64608990405563,35.00539691840095,136.6224990445605,-19.137254901960784,-96.07843137254902,651.5061869334448,36.484766,-1.8291754537279186,0.0,0.0,-1.4219892757699153
239.0,-1.0300761498201088,7.285665398595776,-1.0016247222789243,7.309701633958653,35.06470837903581,136.90038585007443,34.720243948071456,136.72736886987215,-19.0,-96.0,651.070207323703,0.984618,-1.8273812604248134,0.0,0.0,-1.424243425727835
240.0,-1.0000000000000009,7.267949192431123,-1.0025105416309739,7.287634911960417,34.61250497807784,137.1485609078714,34.6871588940999,136.94599493818117,-19.0,-96.0,651.8454564350244,0.011999,-1.8256399417947315,0.0,0.0,-1.4265207806060538
241.0,-0.9696192404926737,7.250760585721208,-0.9386033363949595,7.268864476466394,34.1543661988908,137.39045769310536,33.76099446021489,137.27884607585074,-18.50980392156863,-96.07843137254902,650.3983676840476,5.612315,-1.8239520312192365,0.0,0.0,-1.4288206428302832
242.0,-0.9389431255717815,7.234104814282146,-0.9399551647882465,7.246280279829761,33.69045405349288,137.6259196996053,33.73074970902304,137.50190801699904,-18.50980392156863,-96.07843137254902,651.1998811950652,0.011998,-1.8223180457205241,0.0,0.0,-1.431142307932031
243.0,-0.9079809994790938,7.217986951623264,-0.9413471217404448,7.223458407802763,33.220944711523735,137.85479155450344,33.70151236466829,137.72699641853924,-18.50980392156863,-96.07843137254902,652.0125227681618,0.014013,-1.8207384858030538,0.0,0.0,-1.433485064764388
244.0,-0.8767422935781555,7.202411907401666,-0.8727459766615882,7.226751559716059,32.74602882519167,138.07691928540447,32.745849035404326,137.84142678910638,-18.0,-96.0,649.6032542626385,0.874069,-1.8192138353002403,0.0,0.0,-1.4358481957198581
245.0,-0.8452365234813983,7.1873844259267,-0.8746762135607113,7.203516183007052,32.26591181055093,138.29215059903305,32.71940210207249,138.07017378721616,-18.0,-96.0,650.4389014550821,36.747284,-1.8177445612262497,0.0,0.0,-1.4382309769501684
246.0,-0.8134732861516002,7.172909084714798,-0.7797830397580192,7.187961798036047,31.780814079943312,138.50033517066967,31.340615294058768,138.4137279427676,-17.254901960784316,-96.07843137254902,647.6767576532467,1.578074,-1.816331113632951,0.0,0.0,-1.4406326785879893
247.0,-0.7814622569785477,7.158990293095119,-0.7823630434198066,7.164314205297922,31.290971220449027,138.70132494354954,31.31719714540023,138.64622683049905,-17.254901960784316,-96.07843137254902,648.5364987581969,0.014006,-1.8149739254720585,0.0,0.0,-1.4430525649705002
248.0,-0.7492131868318246,7.145632290866425,-0.7849658510827098,7.140465840409791,30.796634113269214,138.89497443725844,31.29475692092187,138.88040166347406,-17.254901960784316,-96.07843137254902,649.4058774166618,0.012986,-1.8136734124625171,0.0,0.0,-1.4454898948647301
249.0,-0.7167358990906014,7.132839147005597,-0.7057346570436911,7.131244117017474,30.298068989110835,139.08114106401973,30.136090530838466,139.11618071183443,-16.627450980392155,-96.07843137254902,646.8729944398531,34.675054,-1.8124299729631628,0.0,0.0,-1.4479439216946033
250.0,-0.6840402866513371,7.120614758428183,-0.7089049352089791,7.107063611543356,29.79555741487086,139.2596854516239,30.11637062151754,139.3534917543363,-16.627450980392155,-96.07843137254902,647.7630788818977,0.014987,-1.8112439878507014,0.0,0.0,-1.4504138937696225
251.0,-0.6511363089143133,7.108962848801366,-0.6286419818405662,7.107710546924054,29.289396207223,139.43047177161526,28.961853126448702,139.47830923345128,-16.0,-96.0,644.7987963131512,1.081059,-1.8101158204030439,0.0,0.0,-1.4528990545151177
252.0,-0.6180339887498951,7.097886967409693,-0.6324059059171558,7.083270328715473,28.779897269100807,139.5933680712149,28.94473305900847,139.71826969958335,-16.0,-96.0,645.7072779753588,0.022994,-1.8090458161880294,0.0,0.0,-1.455398642703993
253.0,-0.5847434094454742,7.087390488073929,-0.6184302006965847,7.0500255794076665,28.267387345546933,139.74824660733213,28.644935623327875,140.07388772902934,-15.843137254901961,-96.07843137254902,646.230357786101,6.905125,-1.8080343029575763,0.0,0.0,-1.4579118926898973
254.0,-0.5512747116339978,7.077476608123362,-0.5498150771629664,7.092668967490303,27.752207695958344,139.89498418089838,27.77945033311909,139.74387468728878,-15.372549019607842,-95.68627450980392,642.3138497485124,28.949095,-1.807081590547288,0.0,0.0,-1.4604380346417474
255.0,-0.5176380902050413,7.068148347421864,-0.5170290078845623,7.027296803848364,27.234713680400677,140.03346246965245,27.092819561723207,140.44572429883533,-15.0,-96.0,643.061355880511,3.054157,-1.8061879707815471,0.0,0.0,-1.4629762947795348
256.0,-0.48384379119933557,7.059408547448007,-0.4787048315235447,7.053360423216352,26.715274258385914,140.16356835741226,26.62011755829147,140.23071314869313,-14.745098039215687,-95.68627450980392,640.7832052696469,9.15664,-1.8053537173841288,0.0,0.0,-1.4655258956113422
257.0,-0.4499021086877305,7.051259870429529,-0.4836841618973793,7.028463700078322,26.194271399302146,140.2851942577952,26.608695541030475,140.47568537484113,-14.745098039215687,-95.68627450980392,641.728828122456,0.036,-1.8045790858943538,0.0,0.0,-1.4680860561714955
258.0,-0.4158233816355196,7.043704798532389,-0.3947609617166856,7.0708875409252965,25.67209940454074,140.39823843029174,25.466319721253893,140.14486514475558,-14.117647058823529,-95.29411764705883,636.978419742784,4.53521,-1.8038643135888175,0.0,0.0,-1.4706559922597808
259.0,-0.3816179907530892,7.0367456331046725,-0.4004501012023054,7.046010291654438,25.14916414227742,140.50260528656338,25.457076979887642,140.39062147201625,-14.117647058823529,-95.29411764705883,637.933716827728,0.015625,-1.803209619408708,0.0,0.0,-1.473234916681652
260.0,-0.34729635533386066,7.030384493975584,-0.32666830054821006,7.02825560342623,24.625882196815546,140.59820568482357,24.317632554474653,140.6371590572209,-13.490196078431374,-95.29411764705883,635.5015338923076,7.014224,-1.8026152038927428,0.0,0.0,-1.4758220394893553
261.0,-0.31286893008046207,7.0246233188097245,-0.3328319291430306,7.0032793128312925,24.10267993537717,140.6849572101738,24.310429399835908,140.8844023836891,-13.490196078431374,-95.29411764705883,636.4688977342641,0.017004,-1.802081249115743,0.0,0.0,-1.4784165682238979
262.0,-0.27834620192013165,7.01946386251686,-0.3034595997290559,7.038540846744565,23.579992496217713,140.76278443880517,24.02143891510481,140.55148446046425,-13.333333333333336,-94.90196078431373,634.2702545871714,0.033986,-1.8016079186328604,0.0,0.0,-1.4810177081577844
263.0,-0.24373868681029434,7.014907696717356,-0.27196295946421056,7.0019455818022776,23.058262702920103,140.83161918404204,23.41553964658325,140.94434294115283,-13.0,-95.0,634.023990704361,2.991168,-1.801195357429481,0.0,0.0,-1.4836246625384508
264.0,-0.20905692653530672,7.010956209263453,-0.23761583262013541,6.994003083815178,22.537939910684205,140.8914007222949,22.881308085023033,141.04677064526274,-12.705882352941174,-94.90196078431373,632.8310068361201,0.712057,-1.8008436918768131,0.0,0.0,-1.486236632832314
265.0,-0.1743114854953165,7.007610603816509,-0.14807004813768465,7.031460823099407,22.01947879134002,140.9420759971088,21.747856201784288,140.7111879888702,-12.07843137254902,-94.50980392156863,628.0883205608336,0.022015,-1.8005530296931798,0.0,0.0,-1.4888528189693733
266.0,-0.13951294748825116,7.004871899480351,-0.15563656946170745,7.006730780853426,21.503338064667957,140.98359979963743,21.745083358925292,140.9587659297155,-12.07843137254902,-94.50980392156863,629.0703137956378,0.016002,-1.8003234599110225,0.0,0.0,-1.4914724195882758
267.0,-0.10467191248588861,7.0027409304908526,-0.08511356017247351,7.042209057983261,20.989979184382655,141.01593492404,20.895917476215327,140.62067127357957,-11.6078431372549,-94.11764705882354,625.1704375229642,39.415118,-1.8001550528496315,0.0,0.0,-1.494094632281783
268.0,-0.06979899340500152,7.001218345961808,-0.07308176120659926,6.9601029409289055,20.479864987815446,141.0390522964894,20.32995230223365,141.454586500414,-11.294117647058822,-94.50980392156863,626.808202908357,0.023001,-1.8000478600936045,0.0,0.0,-1.4967186538425548
269.0,-0.034904812874566996,7.000304609687218,-0.018847127269621566,7.011727472721709,19.973458318897794,141.05293107668828,19.800021059247523,140.93830596786265,-11.0,-94.0,623.1532870491932,6.827025,-1.8000019144770476,0.0,0.0,-1.499343680509177
270.0,-3.6739403974420594e-16,7.0,-0.027331073857499888,6.987313847718228,19.4712206344907,141.05755873101862,19.80018953080868,141.18507737196228,-11.0,-94.0,624.1408780802751,0.018016,-1.8000172300735162,0.0,0.0,-1.5019689082123646
271.0,0.03490481287456626,7.000304609687218,0.05969988418485972,7.00338465690006,18.97361060441394,141.05293107668825,18.636265246220006,141.01876640952125,-10.352941176470587,-93.72549019607843,619.983861376745,3.858214,-1.8000938021917054,0.0,0.0,-1.5045935328212519
272.0,0.06979899340500256,7.001218345961808,0.050701243392803796,6.979226313308043,18.481082715695155,141.03905229648942,18.637691935195996,141.2646287620157,-10.352941176470587,-93.72549019607843,620.9715908536507,0.013999,-1.8002316073768863,0.0,0.0,-1.5072167503897074
273.0,0.10467191248588789,7.0027409304908526,0.10268643933587462,7.012443186343868,17.994085891577335,141.01593492404004,18.07491115588358,140.91819069090815,-10.03921568627451,-93.33333333333333,617.8974962312833,4.201235,-1.800430603418091,0.0,0.0,-1.5098377574025874
274.0,0.13951294748825044,7.004871899480351,0.1130446761429198,6.988031905699076,17.513062135694625,140.98359979963743,17.795061325450295,141.16253676204047,-9.882352941176471,-93.33333333333333,618.0353310245127,8.302938,-1.8006907293610417,0.0,0.0,-1.5124557510218624
275.0,0.17431148549531578,7.007610603816509,0.14592336477946688,7.021550767829767,17.038445211551192,140.9420759971088,17.515723630221636,140.81238166737648,-9.725490196078432,-92.94117647058823,615.7966975601709,5.421877,-1.8010119055268214,0.0,0.0,-1.5150699293325318
276.0,0.20905692653530597,7.010956209263453,0.22387666592254263,6.985161952203825,16.57065936702092,140.8914007222949,16.212546301826528,141.14419271770814,-9.0,-93.0,613.2144097763121,4.562489,-1.801394033536281,0.0,0.0,-1.5176794915882597
277.0,0.24373868681029537,7.014907696717356,0.2689551363726954,7.0262343351549195,16.110118113037842,140.83161918404207,15.827901458047014,140.70076026500732,-8.784313725490197,-92.54901960784314,610.2867454341704,20.134371,-1.8018369963401732,0.0,0.0,-1.520283638456647
278.0,0.27834620192013093,7.01946386251686,0.25866618559751586,7.003138201655307,15.657223064977133,140.76278443880517,15.832325782318483,140.94119649189116,-8.784313725490197,-92.54901960784314,611.2617633145201,0.016985,-1.8023406582550057,0.0,0.0,-1.5228815722640783
279.0,0.31286893008046135,7.0246233188097245,0.2931534342928286,7.036210812166884,15.212362854449053,140.6849572101738,15.554473345137747,140.5827595495736,-8.627450980392158,-92.15686274509804,608.9944582337076,22.286041,-1.8029048650046022,0.0,0.0,-1.5254724972400542
280.0,0.34729635533385994,7.030384493975584,0.36194564422263387,7.007052069378875,14.77591211836091,140.5982056848236,14.428235550138872,140.820812017185,-8.0,-92.15686274509804,606.5679547191567,1.879116,-1.803529443767359,0.0,0.0,-1.5280556197609436
281.0,0.3816179907530902,7.0367456331046725,0.36168695048896105,7.007356591869198,14.348230571159185,140.50260528656335,14.433713625833457,140.8179736705631,-8.0,-92.0,606.5730355597528,2.674146,-1.8042142032291821,0.0,0.0,-1.5306301485930773
282.0,0.41582338163551885,7.043704798532389,0.41366550831441273,7.074244645946634,13.929662165167526,140.39823843029177,14.156540656016368,140.09196226136496,-7.843137254901961,-91.37254901960785,602.8374710135089,31.906154,-1.8049589336420868,0.0,0.0,-1.53319529513511
283.0,0.44990210868772984,7.051259870429529,0.4426889556345941,7.0480688776677365,13.520534342902659,140.2851942577952,13.596336240101254,140.32541716183584,-7.529411764705884,-91.37254901960785,602.0906773676471,0.05902,-1.8057634068884474,0.0,0.0,-1.535750273659577
284.0,0.48384379119933485,7.059408547448006,0.49977410242500664,7.078198122934966,13.121157384201814,140.1635683574123,13.036056364131776,139.95461880801093,-7.215686274509807,-90.98039215686275,598.926644324439,1.817087,-1.8066273765508705,0.0,0.0,-1.5382943015535684
285.0,0.5176380902050406,7.068148347421863,0.5145376755190663,7.050505651766247,12.731823849946883,140.03346246965245,12.652854045913726,140.21522055981907,-7.0,-91.0,598.8194443770175,0.011985,-1.807550577987675,0.0,0.0,-1.5408265995584514
286.0,0.5512747116339988,7.077476608123362,0.5259875583755935,7.089340116100992,12.352808123143257,139.89498418089835,12.766113377039687,139.80902609959924,-7.058823529411768,-90.58823529411765,597.534444529516,7.688883,-1.8085327284139547,0.0,0.0,-1.543346392008563
287.0,0.5847434094454734,7.087390488073929,0.5749622075323106,7.06018229847225,11.984366047120952,139.74824660733216,11.92189617780459,140.03608687564463,-6.588235294117645,-90.58823529411765,595.9100360359923,1.274087,-1.8095735269881974,0.0,0.0,-1.5458529070688043
288.0,0.6180339887498945,7.097886967409693,0.6136332984478239,7.092454757063094,11.62673465968428,139.5933680712149,11.645110408012837,139.65468106013492,-6.431372549019606,-90.19607843137254,593.5540554645781,12.062497,-1.8106726549044354,0.0,0.0,-1.5483453769710613
289.0,0.6511363089143126,7.108962848801366,0.6422729306461337,7.065812278324734,11.280132021161743,139.43047177161526,11.084135097114675,139.87815639112029,-6.117647058823529,-90.19607843137254,592.7650308558252,0.017002,-1.8118297754898989,0.0,0.0,-1.5508230382493773
290.0,0.684040286651338,7.120614758428183,0.6931599748486725,7.156665285499844,10.944757133505233,139.2596854516239,11.091566562826277,138.88196474118777,-6.117647058823529,-89.41176470588235,588.8025586532299,26.678208,-1.8130445343081416,0.0,0.0,-1.5532851319738108
291.0,0.7167358990906008,7.132839147005597,0.7222400071628172,7.129938070912743,10.62078994686944,139.08114106401973,10.530151010651217,139.10064553258886,-5.803921568627452,-89.41176470588235,587.9930351623091,0.016001,-1.814316559267608,0.0,0.0,-1.555730903982902
292.0,0.7492131868318239,7.145632290866425,0.7102270570565015,7.110391920277221,10.308391449472357,138.89497443725847,10.537863850543927,139.3177999867242,-5.803921568627452,-89.41176470588235,588.8847914985286,0.016999,-1.8156454607356087,0.0,0.0,-1.5581596051146787
293.0,0.781462256978547,7.158990293095119,0.805230745643839,7.193543829217953,10.00770383600146,138.70132494354954,9.97585554635581,138.3093847312024,-5.490196078431367,-88.62745098039215,583.1651055638771,1.857957,-1.817030831657667,0.0,0.0,-1.5605704914361334
294.0,0.8134732861515995,7.172909084714798,0.7930170173892552,7.174743995469107,9.718850749387041,138.50033517066967,9.983769202961119,138.52141110998718,-5.490196078431367,-88.62745098039215,584.0369520488321,0.031252,-1.8184722476822055,0.0,0.0,-1.5629628244710942
295.0,0.8452365234813992,7.1873844259267,0.8774663582388893,7.198169399267279,9.441937590416046,138.29215059903305,9.135532008360284,138.11787100821425,-5.019607843137251,-88.23529411764706,579.8780800579378,0.829611,-1.8199692672905268,0.0,0.0,-1.565335871426428
296.0,0.8767422935781548,7.202411907401666,0.8651703457663773,7.179979263300087,9.17705188940388,138.07691928540447,9.143323266168744,138.3254916543972,-5.019607843137251,-88.23529411764706,580.7319364160951,0.021001,-1.8215214319320558,0.0,0.0,-1.5676889054165017
297.0,0.9079809994790933,7.2179869516232635,0.8764317519488616,7.193989490101524,8.924263733972817,137.85479155450346,9.115641330823989,138.16186610035334,-5.0,-88.0,579.9943883938853,4.273843,-1.8231282661647978,0.0,0.0,-1.5700212056858334
298.0,0.9389431255717808,7.234104814282146,0.9108489925386838,7.252611546427735,8.68362624690181,137.62591969960533,9.15972657092251,137.50197995923926,-5.019607843137251,-87.45098039215686,577.4870995497246,11.632813,-1.8247892778009702,0.0,0.0,-1.572332057829866
299.0,0.9696192404926746,7.250760585721209,0.9985939442155072,7.274677860566248,8.455176108003842,137.39045769310536,8.308802319007865,137.08463034943645,-4.549019607843135,-87.05882352941177,573.2649283547694,1.468731,-1.8265039580577642,0.0,0.0,-1.574620754013797
300.0,1.0000000000000002,7.267949192431123,0.986293649367993,7.2577938632193035,8.238934114050778,137.1485609078714,8.316844183479606,137.2818916423707,-4.549019607843135,-87.05882352941177,574.0780991199216,0.015642,-1.82827178171319,0.0,0.0,-1.5768865931893932
301.0,1.0300761498201083,7.285665398595775,1.0538800996978743,7.284141673536657,8.034905770889742,136.90038585007443,7.75097876018946,136.85783638017648,-4.235294117647058,-86.66666666666667,570.6842818012743,28.53127,-1.830092207266956,0.0,0.0,-1.5791288813097284
302.0,1.0598385284664094,7.303903807687147,1.0416583071391967,7.267855735632409,7.843081912076104,136.64608990405566,7.758909220685661,137.05006740028736,-4.235294117647058,-86.66666666666667,571.4769972632064,0.015609,-1.831964677106337,0.0,0.0,-1.5813469315417772
303.0,1.0892780700300533,7.322658864109151,1.1265057509714254,7.333333488903879,7.663439338574605,136.38583108966137,7.335554470707894,136.1844455450046,-4.0,-86.0,566.744445592142,0.281233,-1.8338886176769735,0.0,0.0,-1.5835400644767976
304.0,1.118385806941494,7.341924854889917,1.1143301620578434,7.31777242373885,7.495941474346613,136.11976783236005,7.343453758634235,136.37085431710574,-4.0,-86.0,567.5137785443256,0.015639,-1.8358634396585587,0.0,0.0,-1.585707608338439
305.0,1.147152872702092,7.361695911422016,1.1197353928993934,7.379085149901822,7.340539032938099,135.84805874634358,7.78399851449796,135.74551373454753,-4.235294117647058,-85.49019607843137,566.334050481684,7.68749,-1.837888538145352,0.0,0.0,-1.5878488991885147
306.0,1.1755705045849458,7.381966011250105,1.1900178178861562,7.420613490095876,7.197170690504595,135.57086243071092,7.359853171325865,135.14687889608157,-4.0,-85.0,562.6670750983039,2.718753,-1.8399632928314662,0.0,0.0,-1.5899632811303714
307.0,1.2036300463040959,7.4027289799054135,1.1780812532228406,7.406032701316221,7.065763761046681,135.28833727874095,7.368348272803496,135.3242590533328,-4.0,-85.0,563.4020810317418,0.01564,-1.842087068200874,0.0,0.0,-1.5920501065097978
308.0,1.231322950651317,7.423978492786556,1.2296459636289274,7.421457733696348,6.946234869979406,135.00064130017256,6.943093510483096,135.0303870590177,-3.764705882352942,-84.70588235294117,560.9508287675201,22.892972,-1.844259213722072,0.0,0.0,-1.5941087361134034
309.0,1.258640782099675,7.445708077086058,1.280956285274538,7.452556985785973,6.8384906225110536,134.70793195633487,6.661806819308064,134.57638665229413,-3.6078431372549034,-84.31372549019608,558.2909670671007,14.374807,-1.8464790640473432,0.0,0.0,-1.5961385393644187
310.0,1.2855752193730785,7.467911113762044,1.269285208974793,7.438950101485443,6.7424282636609565,134.4103660079023,6.669985349330339,134.74504404741447,-3.6078431372549034,-84.31372549019608,558.9901322376489,0.015015,-1.8487459392165608,0.0,0.0,-1.598138894515846
311.0,1.312118057981014,7.490580839554456,1.2989174870705282,7.476784416152395,6.657936327094655,134.1080993749897,6.678331032455797,134.28367310272685,-3.6078431372549034,-83.92156862745098,557.1696855082748,1.877103,-1.8510591448654647,0.0,0.0,-1.600109188840904
312.0,1.3382612127177156,7.513710349045211,1.3519930585003195,7.507915888435882,6.584895270293831,133.8012870092519,6.396109081355887,133.81819545443614,-3.4509803921568647,-83.52941176470588,554.4611090618122,4.962292,-1.8534179724383526,0.0,0.0,-1.6020488188207143
313.0,1.3639967201249972,7.5372925967616595,1.3829581470082797,7.545775863440436,6.523178093907389,133.49008277760782,6.404404295986284,133.34859778422842,-3.4509803921568647,-83.13725490196079,552.6076040248726,0.013031,-1.8558216994051153,0.0,0.0,-1.6039571903291625
314.0,1.3893167409179945,7.561320399322698,1.3717514908533799,7.533494119953364,6.472650943443279,133.17463935717515,6.412851916645689,133.50460721127675,-3.4509803921568647,-83.13725490196079,553.2569845950441,0.010998,-1.8582695894825565,0.0,0.0,-1.6058337188148855
315.0,1.4142135623730947,7.585786437626904,1.4266694284002615,7.564592139855968,6.433173691758566,132.8551081409706,6.129565294126803,133.02745961582295,-3.294117647058826,-82.74509803921569,550.4985343456722,10.899627,-1.860760892859921,0.0,0.0,-1.6076778294803247
316.0,1.4386796006773017,7.610683259082005,1.4591214115556195,7.602795731691743,6.404600501083584,132.5316391539111,6.137912435294116,132.54614943770045,-3.294117647058826,-82.35294117647058,548.5983350566842,14.407804,-1.8632948464285697,0.0,0.0,-1.6094889574577913
317.0,1.4627074032383414,7.636003279875004,1.4684327167446716,7.648620356625456,6.386780363577589,132.2043809786321,6.439083110328782,132.06067001111396,-3.4509803921568647,-81.9607843137255,547.5599293754422,15.417877,-1.8658706740157256,0.0,0.0,-1.6112665479824906
318.0,1.4862896509547885,7.6617387872822835,1.4577999934677637,7.637630220384369,6.379557619652662,131.87348069063023,6.448114024421796,132.20356934178525,-3.4509803921568647,-81.9607843137255,548.1586194404064,0.014015,-1.8684875866222237,0.0,0.0,-1.6130100565624517
319.0,1.5094191604455438,7.6878819420189854,1.535834021849201,7.725653863476438,6.382772453523871,131.5390838022306,6.45728395586073,131.0771852835604,-3.4509803921568647,-81.17647058823529,543.6805930018238,5.048276,-1.8711447826641876,0.0,0.0,-1.6147189491453093
320.0,1.5320888862379556,7.714424780626921,1.5254744833663842,7.715394401685448,6.396261365644233,131.20133421487688,6.466590095813081,131.21305465582404,-3.4509803921568647,-81.17647058823529,544.2519889107353,0.014018,-1.8738414482185621,0.0,0.0,-1.6163927022818902
321.0,1.5542919229139411,7.7413592179003246,1.5153358049344252,7.70533711351559,6.419857621863949,130.86037417924527,6.476029593724453,131.34602991384938,-3.4509803921568647,-81.17647058823529,544.8122084365709,0.020996,-1.8765767572724257,0.0,0.0,-1.6180308032865502
322.0,1.576021507213444,7.768677049348684,1.525798545794503,7.752551020982696,6.4533916793150485,130.51634426268808,6.780399538109509,130.84092022792458,-3.6078431372549034,-80.7843137254902,543.7048795260268,4.682251,-1.8793498719760044,0.0,0.0,-1.619632750394212
323.0,1.5972710200945857,7.796369953695903,1.6103770749700042,7.775723552493756,6.496691589166659,130.1693833235214,6.2000562824918655,130.33160817544436,-3.294117647058826,-80.3921568627451,539.9266015492531,15.452879,-1.8821599428993148,0.0,0.0,-1.6211980529140642
324.0,1.6180339887498947,7.824429495415053,1.6467580438584513,7.814853955269625,6.549583376521244,129.81962849168144,6.209431889433627,129.81809851038892,-3.294117647058826,-80.0,537.9006897098566,12.613716,-1.8850061092923496,0.0,0.0,-1.6227262313798614
325.0,1.6383040885779832,7.852847127297907,1.683770832597066,7.853978396291059,6.611891397832181,129.46721515528796,6.218923527266428,129.30039764409742,-3.294117647058826,-79.6078431372549,535.8583611581889,2.215122,-1.8878874993487356,0.0,0.0,-1.6242168176967902
326.0,1.6580751451100837,7.881614193058507,1.670669988327833,7.910644876981647,6.683438676316441,129.1122769526663,6.821721458960598,128.77851363432936,-3.6078431372549034,-79.2156862745098,535.5792189141993,16.335925,-1.8908032304727735,0.0,0.0,-1.6256693552848507
327.0,1.677341135890848,7.910721929969946,1.661560673109232,7.902564617405026,6.76404721591545,128.7549457693967,6.832361634454135,128.89052809497235,-3.6078431372549034,-79.2156862745098,536.0591972832518,0.01399,-1.8937524095497866,0.0,0.0,-1.6270833992187104
328.0,1.6960961923128517,7.94016147153359,1.6738516800903183,7.951176491637913,6.853538294423147,128.39535173997535,7.140646148591773,128.3608477604557,-3.764705882352942,-78.82352941176471,534.8653294875982,25.22641,-1.8967341332196892,0.0,0.0,-1.62845851636399
329.0,1.7143346014042242,7.969923850179891,1.665152134725946,7.943634724285719,6.951732736454031,128.03362325368985,7.151990543637438,128.46613779901847,-3.764705882352942,-78.82352941176471,535.3205228269862,0.014,-1.899747488153694,0.0,0.0,-1.6297942855099359
330.0,1.7320508075688767,7.999999999999999,1.7774491938816324,8.022001459137226,7.058451166966082,127.66988696432963,6.864973440107246,127.28900753027044,-3.6078431372549034,-78.0392156862745,529.7509504414035,11.038638,-1.9027915513340727,0.0,0.0,-1.6310902974984405
331.0,1.7492394142787917,8.030380759507326,1.7691210983902783,8.015188462546048,7.173514246086005,127.30426780337048,6.876063369058569,127.3870136919705,-3.6078431372549034,-78.0392156862745,530.1762448750577,0.014016,-1.9058653903368852,0.0,0.0,-1.6323461553493708
332.0,1.765895185717854,8.061056874428218,1.7828076017158772,8.064623218985536,7.296742886007483,126.93688899629034,7.186703298325041,126.84124389320365,-3.764705882352942,-77.6470588235294,528.9250854677897,7.244419,-1.9089680636175885,0.0,0.0,-1.6335614743821685
333.0,1.7820130483767356,8.092019000520907,1.7749064598971813,8.05834609233697,7.427958450748222,126.5678720816927,7.198488925362605,126.93243321649736,-3.764705882352942,-77.6470588235294,529.3251996420772,0.014989,-1.9120986207994417,0.0,0.0,-1.6347358823336782
334.0,1.7975880925983336,8.123257706421844,1.7888869450146547,8.108333155112748,7.566982939559122,126.19733693293212,7.510808246920054,126.37890072000756,-3.9215686274509807,-77.25490196078431,528.0480276207904,2.970181,-1.9152561029646136,0.0,0.0,-1.6358690194721792
335.0,1.8126155740733,8.154763476518601,1.7994795988104944,8.137569689688867,7.71363915478157,125.82540178195333,7.673758171791632,126.04596148048292,-4.0,-77.0,527.2051204373065,3.003181,-1.918439542947908,0.0,0.0,-1.6369605387075703
336.0,1.827090915285202,8.1865267138484,1.7956895175188317,8.153125387173223,7.86775085494361,125.45218324507465,7.837309350032694,125.90195322225372,-4.078431372549019,-76.86274509803921,527.119740939113,0.726041,-1.9216479656330163,0.0,0.0,-1.6380101056976888
337.0,1.8410097069048805,8.218537743021452,1.8868017674606739,8.24005572216064,8.029142893878559,125.07779635046185,7.850492563848042,124.69387270448635,-4.078431372549019,-76.07843137254902,522.3269685094896,0.013015,-1.9248803882512027,0.0,0.0,-1.6390173989507226
338.0,1.8543677091335746,8.250786813168176,1.8799294607173627,8.235291053264318,8.197641346636107,124.70235456705629,7.8637696216063935,124.76726640203725,-4.078431372549019,-76.07843137254902,522.6603744729682,0.011997,-1.928135820682337,0.0,0.0,-1.6399821099236855
339.0,1.867160852994403,8.283264100909399,1.790099711866505,8.259808398198823,8.373073622940197,124.32596983473628,8.78603681678228,124.83739802536621,-4.549019607843135,-76.07843137254902,525.7077025518117,33.17486,-1.9314132657581746,0.0,0.0,-1.640903943116927
340.0,1.8793852415718169,8.315959713348663,1.804551514475735,8.311386526423917,8.555268568929588,123.94875259550628,9.104525739142591,124.26040977246143,-4.705882352941174,-75.68627450980392,524.3552163072735,33.439871,-1.9347117195678019,0.0,0.0,-1.6417826161646458
341.0,1.8910371511986337,8.348863691085686,1.9042358009441998,8.33353176981403,8.744056557895103,123.57081182552307,8.512132519125316,123.67946239408049,-4.392156862745097,-75.29411764705883,520.2542471336978,3.884238,-1.9380301717651396,0.0,0.0,-1.6426178599213814
342.0,1.902113032590307,8.381966011250105,1.9198534162538472,8.385213021722988,8.939269570705349,123.19225506778149,8.831319305172428,123.09458782038877,-4.549019607843135,-74.90196078431373,518.8723091970724,5.361298,-1.9413676058784226,0.0,0.0,-1.6434094185444572
343.0,1.9126095119260706,8.415256590554526,1.9140586487580178,8.38180271160368,9.140741266587995,122.81318846529615,8.84658305710197,123.15058685032066,-4.549019607843135,-74.90196078431373,519.1420965725886,0.012011,-1.9447229996215547,0.0,0.0,-1.6441570495723439
344.0,1.9225233918766378,8.448725288366003,1.9220809561391539,8.499451978777227,9.348307044908378,122.4337167946274,9.77867457358929,121.91319177874436,-5.019607843137251,-74.11764705882352,516.9887908357454,33.619905,-1.9480953252072428,0.0,0.0,-1.644860523998932
345.0,1.9318516525781366,8.482361909794959,1.935455869053614,8.508801335460454,9.561804098560783,122.05394349961217,9.757417748309093,121.76845234943197,-5.0,-74.0,516.3460626426552,0.230024,-1.9514835496618186,0.0,0.0,-1.6455196263436753
346.0,1.940591452551993,8.516156208800664,1.9302567897426899,8.506216301836709,9.78107145956224,121.67397072517068,9.774433175708234,121.81392744910201,-5.0,-74.0,516.5790093235328,0.011999,-1.9548866351416467,0.0,0.0,-1.6461341547175947
347.0,1.9487401295704703,8.55009789131227,1.9867557302480288,8.525917134387353,10.005950037410324,121.29389935107116,9.522730935965772,121.40405377505986,-4.862745098039213,-73.72549019607843,514.1844079081368,0.577019,-1.9583035392510268,0.0,0.0,-1.6467039208851206
348.0,1.9562952014676112,8.58417661836448,1.9434311942873408,8.599952680427883,10.236282650741467,120.91382902554389,10.462577148594589,120.796775023595,-5.333333333333329,-73.33333333333333,514.5748315401638,25.420498,-1.961733215361487,0.0,0.0,-1.6472287503217502
349.0,1.963254366895328,8.618382009246911,1.9388692923299327,8.598143681886613,10.471914052798578,120.53385819864533,10.48093126897267,120.83195536628362,-5.333333333333329,-73.33333333333333,514.7706152720525,0.015006,-1.9651746129323773,0.0,0.0,-1.647708482267504
350.0,1.969615506024416,8.65270364466614,1.9246953924556416,8.662077416856189,10.712690951191309,120.15408415528168,11.11695065129031,120.21748720720308,-5.647058823529413,-72.94117647058823,514.2208007826832,0.949053,-1.9686266778326584,0.0,0.0,-1.6481429697761714
351.0,1.9753766811902753,8.687131069919538,1.9715803064254223,8.705236838969416,10.958462022406541,119.77460304780865,11.136498932689657,119.59938617868981,-5.647058823529413,-72.54901960784314,511.8070415128282,24.735383,-1.972088352663793,0.0,0.0,-1.6485320797603191
352.0,1.9805361374831405,8.721653798079869,1.9676517415859425,8.704206160283213,11.209077921501844,119.3955099281321,11.156095494119349,119.62431498467873,-5.647058823529413,-72.54901960784314,511.965546421073,0.011013,-1.9755585770836341,0.0,0.0,-1.6488756930320583
353.0,1.9850923032826442,8.756261313189706,1.965794124220956,8.789207336819377,11.464391287389853,119.01689877924102,11.874217728787318,118.74050671244773,-6.0,-72.0,510.58468003615286,12.316688,-1.9790362881312196,0.0,0.0,-1.6491737043395518
354.0,1.9890437907365466,8.790943073464693,1.962238261288797,8.788685004761158,11.724256744098877,118.63886254611005,11.895122523314196,118.7586736127464,-6.0,-72.0,510.7200620209282,0.015016,-1.982520420552366,0.0,0.0,-1.6494260223992556
355.0,1.992389396183491,8.825688514504684,1.9589418570091741,8.788386489806388,11.988530898371442,118.2614931659157,11.916059442755792,118.77354503451915,-6.0,-72.0,510.84235846634397,34.657045,-1.9860099071259651,0.0,0.0,-1.649632569923877
356.0,1.9951281005196484,8.860487052511749,2.0147472926817924,8.866566393909428,12.257072333941144,117.88488159751441,12.171081330297172,117.7499520092476,-6.117647058823529,-71.37254901960785,507.5130520278819,0.807069,-1.989503678990884,0.0,0.0,-1.6497932836460514
357.0,1.9972590695091477,8.89532808751411,2.0118986914760146,8.86676719584456,12.529741602807276,117.50911785013689,12.192474662425294,117.75814776841764,-6.117647058823529,-71.37254901960785,507.61001506094647,0.011997,-1.9930006659733654,0.0,0.0,-1.6499081143377197
358.0,1.9987816540381915,8.930201006594999,1.996746292570991,8.932609463954826,12.80640121380598,117.13429101125702,12.840233988001284,117.11601641386763,-6.431372549019606,-70.98039215686273,506.9847676194744,11.452655,-1.9964997969148341,0.0,0.0,-1.6499770268252072
359.0,1.9996953903127825,8.965095187125433,2.0464510954273254,8.976527110129556,13.086915618758226,116.76048927359817,12.862745098039213,116.47058823529413,-6.431372549019606,-70.58823529411765,504.47058823529414,0.010986,-2.0,0.0,0.0,-1.6500000000000001
